question_idx,story,query,target_text,proof_state,f_comb,story_edges,edge_types,query_edge,genders,task_split,Assignee,ground_truth
0,"[Clarence]'s granddaughter, [Emily], was busy helping her brother, [Michael], move to college.","('Clarence', 'Michael')",grandson,"[{('Clarence', 'grandson', 'Michael'): [('Clarence', 'granddaughter', 'Emily'), ('Emily', 'brother', 'Michael')]}]",granddaughter-brother,"[(0, 1), (1, 2)]","['granddaughter', 'brother']","(0, 2)","Clarence:male,Emily:female,Michael:male",test,Vidura,"(Clarence, has granddaughter, Emily), (Emily, has grandfather, Clarence), (Emily, has brother, Michael), (Michael, has sister, Emily)"
2,"[Tony] and his sister, [June], went to a sneak preview of the Avengers movie and loved it. [Clarence] has 3 children, and one grandson. The Grandsons name is [Tony]","('Clarence', 'June')",granddaughter,"[{('Clarence', 'granddaughter', 'June'): [('Clarence', 'grandson', 'Tony'), ('Tony', 'sister', 'June')]}]",grandson-sister,"[(0, 1), (1, 2)]","['grandson', 'sister']","(0, 2)","Clarence:male,Tony:male,June:female",test,Vidura,"(Tony, has sister, June), (June, has brother, Tony), (Clarence, has grandson, Tony), (Tony, has grandfather, Clarence)"
5,"[Clarence] went to the museum with his grandson [Jeff]. [Jeff] and [Louise] asked their mother, if they could go play in the pool.","('Clarence', 'Louise')",granddaughter,"[{('Clarence', 'granddaughter', 'Louise'): [('Clarence', 'grandson', 'Jeff'), ('Jeff', 'sister', 'Louise')]}]",grandson-sister,"[(0, 1), (1, 2)]","['grandson', 'sister']","(0, 2)","Clarence:male,Jeff:male,Louise:female",test,Vidura,"(Clarence, has grandson, Jeff), (Jeff, has grandfather, Clarence), (Jeff, has sister, Louise), (Louise, has brother, Jeff)"
7,"[Tony] woke up on his 7th birthday to a surprise present sitting on his night stand. It was from his Grandma [Ashley], and [Tony]'s sister [Charlotte] looked on excitedly as he opened his present.","('Ashley', 'Charlotte')",granddaughter,"[{('Ashley', 'granddaughter', 'Charlotte'): [('Ashley', 'grandson', 'Tony'), ('Tony', 'sister', 'Charlotte')]}]",grandson-sister,"[(0, 1), (1, 2)]","['grandson', 'sister']","(0, 2)","Ashley:female,Tony:male,Charlotte:female",test,Vidura,"(Tony, has grandmother, Ashley), (Ashley, has grandson, Tony), (Tony, has sister, Charlotte), (Charlotte, has brother, Tony)"
1,[Emily] and her granddaughter [Ashley] went to the mall [Michael] likes to visit his sister. Her name is [Emily].,"('Ashley', 'Michael')",grandson,"[{('Ashley', 'grandson', 'Michael'): [('Ashley', 'granddaughter', 'Emily'), ('Emily', 'brother', 'Michael')]}]",granddaughter-brother,"[(0, 1), (1, 2)]","['granddaughter', 'brother']","(0, 2)","Ashley:female,Emily:female,Michael:male",test,Vidura,"(Emily, has granddaughter, Ashley), (Ashley, has grandmother, Emily), (Michael, has sister, Emily), (Emily, has brother, Michael)"
12,"[Clarence] made his Grandmother [Belva] an apple pie for the holiday. [Nicolas] and his sister, [Belva] love it when their grandmother visits because she spoils them. She is coming this week to watch them while their parents are out of town.","('Clarence', 'Nicolas')",grandson,"[{('Clarence', 'grandson', 'Nicolas'): [('Clarence', 'granddaughter', 'Belva'), ('Belva', 'brother', 'Nicolas')]}]",granddaughter-brother,"[(0, 1), (1, 2)]","['granddaughter', 'brother']","(0, 2)","Clarence:male,Belva:female,Nicolas:male",test,Vidura,"(Clarence, has grandmother, Belva), (Belva, has grandson, Clarence), (Nicolas, has sister, Belva), (Belva, has brother, Nicolas)"
39,"[Joshua] 'son, [Joseph], aced his math class and made his father proud. As a female, [Lynn] sometimes had a hard time relating to her husband [Joshua] since he was a male. [Joseph]'s grandmother, [Frances], was prepping for a marathon at age 70!","('Lynn', 'Frances')",mother,"[{('Lynn', 'mother', 'Frances'): [('Lynn', 'son', 'Joseph'), ('Joseph', 'grandmother', 'Frances')]}, {('Lynn', 'son', 'Joseph'): [('Lynn', 'husband', 'Joshua'), ('Joshua', 'son', 'Joseph')]}]",husband-son-grandmother,"[(0, 1), (1, 2), (2, 3)]","['husband', 'son', 'grandmother']","(0, 3)","Lynn:female,Joshua:male,Joseph:male,Frances:female",test,Vidura,"(Joshua, has son, Joseph), (Joseph, has father, Joshua), (Lynn, has husband, Joshua), (Joshua, has wife, Lynn), (Joseph, has grandmother, Frances), (Frances, has grandson, Joseph)"
42,"[David] fixed her husband [Hugh] dinner and then they watched a movie they rented. [Frances] took her grandson, [Michael], to see his dad, [Hugh].","('David', 'Frances')",mother,"[{('David', 'mother', 'Frances'): [('David', 'son', 'Michael'), ('Michael', 'grandmother', 'Frances')]}, {('David', 'son', 'Michael'): [('David', 'husband', 'Hugh'), ('Hugh', 'son', 'Michael')]}]",husband-son-grandmother,"[(0, 1), (1, 2), (2, 3)]","['husband', 'son', 'grandmother']","(0, 3)","David:female,Hugh:male,Michael:male,Frances:female",test,Vidura,"(David, has husband, Hugh), (Hugh, has wife, David), (Frances, has grandson, Michael), (Michael, has grandmother, Frances), (Michael, has father, Hugh), (Hugh, has son, Michael)"
40,"[Lynn] was always arguing with her mother's husband [James]. [Lynn] asked her daughter, [Felicia], if she would like to go to a movie with her on Saturday night. [Felicia] was excited because today she was going to the zoo with her uncle [Francisco].","('James', 'Francisco')",son,"[{('James', 'son', 'Francisco'): [('James', 'daughter', 'Lynn'), ('Lynn', 'brother', 'Francisco')]}, {('Lynn', 'brother', 'Francisco'): [('Lynn', 'daughter', 'Felicia'), ('Felicia', 'uncle', 'Francisco')]}]",daughter-daughter-uncle,"[(0, 1), (1, 2), (2, 3)]","['daughter', 'daughter', 'uncle']","(0, 3)","James:male,Lynn:female,Felicia:female,Francisco:male",test,Vidura,"(Lynn, has father, James), (James, has daughter, Lynn), (Lynn, has daughter, Felicia), (Felicia, has mother, Lynn), (Felicia, has uncle, Francisco), (Francisco, has niece, Felicia)"
41,"[James] was lucky to have an incredibly close relationship with his grandson, [Joseph]. [Lena] wanted to visit an art museum, so she asked her father, [James] to take her. [Lynn] and her son [Joseph] went out to lunch together yesterday.","('Lynn', 'Lena')",sister,"[{('Lynn', 'sister', 'Lena'): [('Lynn', 'father', 'James'), ('James', 'daughter', 'Lena')]}, {('Lynn', 'father', 'James'): [('Lynn', 'son', 'Joseph'), ('Joseph', 'grandfather', 'James')]}]",son-grandfather-daughter,"[(0, 1), (1, 2), (2, 3)]","['son', 'grandfather', 'daughter']","(0, 3)","Lynn:female,Joseph:male,James:male,Lena:female",test,Vidura,"(James, has grandson, Joseph), (Joseph, has grandfather, James), (Lena, has father, James), (James, has daughter, Lena), (Lynn, has son, Joseph), (Joseph, has mother, Lynn)"
140,"[Vanetta] was always arguing with her mother's husband [Hugh]. [Hugh] took his favorite son [James] to a baseball game where he caught a foul ball as a souvenir. [Frances], a female, took her husband who is a male, [James], out for lunch.","('Frances', 'Vanetta')",granddaughter,"[{('Frances', 'granddaughter', 'Vanetta'): [('Frances', 'son', 'Hugh'), ('Hugh', 'daughter', 'Vanetta')]}, {('Frances', 'son', 'Hugh'): [('Frances', 'husband', 'James'), ('James', 'son', 'Hugh')]}]",husband-son-daughter,"[(0, 1), (1, 2), (2, 3)]","['husband', 'son', 'daughter']","(0, 3)","Frances:female,James:male,Hugh:male,Vanetta:female",test,Vidura,"(Vanetta, has father, Hugh), (Hugh, has daughter, Vanetta), (Hugh, has son, James), (James, has father, Hugh), (Frances, has husband, James), (James, has wife, Frances)"
38,"[Don] got his son, [Joshua], a car for his birthday. [Don] loves talking to his grandfather [James] on the phone. [James] took his daughter, [Cindy], to a baseball game.","('Joshua', 'Cindy')",sister,"[{('Joshua', 'sister', 'Cindy'): [('Joshua', 'father', 'James'), ('James', 'daughter', 'Cindy')]}, {('Joshua', 'father', 'James'): [('Joshua', 'son', 'Don'), ('Don', 'grandfather', 'James')]}]",son-grandfather-daughter,"[(0, 1), (1, 2), (2, 3)]","['son', 'grandfather', 'daughter']","(0, 3)","Joshua:male,Don:male,James:male,Cindy:female",test,Vidura,"(Don, has son, Joshua), (Joshua, has father, Don), (Don, has grandfather, James), (James, has grandson, Don), (James, has daughter, Cindy), (Cindy, has father, James)"
46,"[Tina] went to dinner with her daughter [Lena]. They then went to the park afterwards. [Frances] loves her son [Hugh] very much. He loves her, too. [Tina] asked her mother [Frances] if she could go outside and play with her friends.","('Lena', 'Hugh')",brother,"[{('Lena', 'brother', 'Hugh'): [('Lena', 'mother', 'Frances'), ('Frances', 'son', 'Hugh')]}, {('Lena', 'mother', 'Frances'): [('Lena', 'daughter', 'Tina'), ('Tina', 'grandmother', 'Frances')]}]",daughter-grandmother-son,"[(0, 1), (1, 2), (2, 3)]","['daughter', 'grandmother', 'son']","(0, 3)","Lena:female,Tina:female,Frances:female,Hugh:male",test,Vidura,"(Tina, has daughter, Lena), (Lena, has mother, Tina), (Frances, has son, Hugh), (Hugh, has mother, Frances), (Tina, has mother, Frances), (Frances, has daughter, Tina)"
146,"[Bernardo]'s father, [Antonio], and grandfather, [Harold], went hiking during the first weekend of spring. [Antonio] took his mother [Shantel] to the bakery. [Shantel] wanted to buy her daughter [Marie] a cake.","('Marie', 'Harold')",father,"[{('Marie', 'father', 'Harold'): [('Marie', 'brother', 'Antonio'), ('Antonio', 'father', 'Harold')]}, {('Marie', 'brother', 'Antonio'): [('Marie', 'mother', 'Shantel'), ('Shantel', 'son', 'Antonio')]}, {('Antonio', 'father', 'Harold'): [('Antonio', 'son', 'Bernardo'), ('Bernardo', 'grandfather', 'Harold')]}]",mother-son-son-grandfather,"[(0, 1), (1, 2), (2, 3), (3, 4)]","['mother', 'son', 'son', 'grandfather']","(0, 4)","Marie:female,Shantel:female,Antonio:male,Bernardo:male,Harold:male",test,Vidura,"(Bernardo, has father, Antonio), (Antonio, has son, Bernardo), (Bernardo, has grandfather, Harold), (Harold, has grandson, Bernardo), (Antonio, has mother, Shantel), (Shantel, has son, Antonio), (Shantel, has daughter, Marie), (Marie, has mother, Shantel)"
147,"[Antonio] took his son [Kevin] out for ice cream. [Pedro]'s mother, [Shantel], was disappointed that he failed his math class [Harold] and his son [Antonio] went to the cinema together. [Pedro] got his son, [Harold], a car for his birthday.","('Kevin', 'Shantel')",grandmother,"[{('Kevin', 'grandmother', 'Shantel'): [('Kevin', 'father', 'Antonio'), ('Antonio', 'mother', 'Shantel')]}, {('Antonio', 'mother', 'Shantel'): [('Antonio', 'brother', 'Pedro'), ('Pedro', 'mother', 'Shantel')]}, {('Antonio', 'brother', 'Pedro'): [('Antonio', 'father', 'Harold'), ('Harold', 'son', 'Pedro')]}]",father-father-son-mother,"[(0, 1), (1, 2), (2, 3), (3, 4)]","['father', 'father', 'son', 'mother']","(0, 4)","Kevin:male,Antonio:male,Harold:male,Pedro:male,Shantel:female",test,Vidura,"(Antonio, has son, Kevin), (Kevin, has father, Antonio), (Pedro, has mother, Shantel), (Shantel, has son, Pedro), (Harold, has son, Antonio), (Antonio, has father, Harold), (Pedro, has son, Harold), (Harold, has father, Pedro)"
148,"[Shantel] made dinner for her husband [Harold]. [Shantel] planned a birthday party for her grandson, [Wayne]. [Shantel] became concerned when she had n't heard from her husband [Harold] all day. [Nicole] and [Wayne] are siblings who are enjoying lunch together.","('Shantel', 'Nicole')",granddaughter,"[{('Shantel', 'granddaughter', 'Nicole'): [('Shantel', 'husband', 'Harold'), ('Harold', 'granddaughter', 'Nicole')]}, {('Harold', 'granddaughter', 'Nicole'): [('Harold', 'grandson', 'Wayne'), ('Wayne', 'sister', 'Nicole')]}, {('Harold', 'grandson', 'Wayne'): [('Harold', 'wife', 'Shantel'), ('Shantel', 'grandson', 'Wayne')]}]",husband-wife-grandson-sister,"[(0, 1), (1, 0), (0, 2), (2, 3)]","['husband', 'wife', 'grandson', 'sister']","(0, 3)","Shantel:female,Harold:male,Wayne:male,Nicole:female",test,Vidura,"(Shantel, has husband, Harold), (Harold, has wife, Shantel), (Shantel, has grandson, Wayne), (Wayne, has grandmother, Shantel), (Nicole, has brother, Wayne), (Wayne, has sister, Nicole)"
149,"[Pedro]'s mother, [Shantel], told him he was in trouble. Her son [Louis] had told her that [Pedro] had been stealing from her purse. [Samuel]'s father, [Louis], and grandfather, [Harold], went hiking during the first weekend of spring.","('Pedro', 'Harold')",father,"[{('Pedro', 'father', 'Harold'): [('Pedro', 'brother', 'Louis'), ('Louis', 'father', 'Harold')]}, {('Louis', 'father', 'Harold'): [('Louis', 'son', 'Samuel'), ('Samuel', 'grandfather', 'Harold')]}, {('Pedro', 'brother', 'Louis'): [('Pedro', 'mother', 'Shantel'), ('Shantel', 'son', 'Louis')]}]",mother-son-son-grandfather,"[(0, 1), (1, 2), (2, 3), (3, 4)]","['mother', 'son', 'son', 'grandfather']","(0, 4)","Pedro:male,Shantel:female,Louis:male,Samuel:male,Harold:male",test,Vidura,"(Pedro, has mother, Shantel), (Shantel, has son, Pedro), (Louis, has mother, Shantel), (Shantel, has son, Louis), (Samuel, has father, Louis), (Louis, has son, Samuel), (Samuel, has grandfather, Harold), (Harold, has grandson, Samuel)"
166,"[Robert] and his brother [Antonio] played harmonicas together. [Robert]'s daughter [Michelle] loved it. [Marie] and her daughter [Michelle] went to see a movie yesterday and then got ice cream afterwards. [Marie] just had a baby and presented the baby proudly to the new maternal grandmother, [Shantel].","('Antonio', 'Shantel')",mother,"[{('Antonio', 'mother', 'Shantel'): [('Antonio', 'brother', 'Robert'), ('Robert', 'mother', 'Shantel')]}, {('Robert', 'mother', 'Shantel'): [('Robert', 'daughter', 'Michelle'), ('Michelle', 'grandmother', 'Shantel')]}, {('Michelle', 'grandmother', 'Shantel'): [('Michelle', 'mother', 'Marie'), ('Marie', 'mother', 'Shantel')]}]",brother-daughter-mother-mother,"[(0, 1), (1, 2), (2, 3), (3, 4)]","['brother', 'daughter', 'mother', 'mother']","(0, 4)","Antonio:male,Robert:male,Michelle:female,Marie:female,Shantel:female",test,Vidura,"(Robert, has brother, Antonio), (Antonio, has brother, Robert), (Robert, has daughter, Michelle), (Michelle, has father, Robert), (Marie, has daughter, Michelle), (Michelle, has mother, Marie), (Marie, has mother, Shantel), (Shantel, has daughter, Marie)"
184,"[Harold] was so excited to surprise his son, [Louis], with the tickets to the playoffs. [Louis] bought tickets for him to see the game with his nephew, [Mario]. [Robert] asked his wife [Marie] if she had any news about the family. [Marie] mentioned that her son, [Mario], got straight A's this semester at college.","('Robert', 'Harold')",father,"[{('Robert', 'father', 'Harold'): [('Robert', 'brother', 'Louis'), ('Louis', 'father', 'Harold')]}, {('Robert', 'brother', 'Louis'): [('Robert', 'son', 'Mario'), ('Mario', 'uncle', 'Louis')]}, {('Robert', 'son', 'Mario'): [('Robert', 'wife', 'Marie'), ('Marie', 'son', 'Mario')]}]",wife-son-uncle-father,"[(0, 1), (1, 2), (2, 3), (3, 4)]","['wife', 'son', 'uncle', 'father']","(0, 4)","Robert:male,Marie:female,Mario:male,Louis:male,Harold:male",test,Vidura,"(Harold, has son, Louis), (Louis, has father, Harold), (Louis, has nephew, Mario), (Mario, has uncle, Louis), (Robert, has wife, Marie), (Marie, has husband, Robert), (Marie, has son, Mario), (Mario, has mother, Marie)"
145,"[Nicole]'s grandfather, [Harold], accompanied her to the basketball match [Beverly] went car shopping with her husband [Louis] and her daughter [Nicole]. [Harold] bought a new dress for his daughter [Marie].","('Louis', 'Marie')",sister,"[{('Louis', 'sister', 'Marie'): [('Louis', 'father', 'Harold'), ('Harold', 'daughter', 'Marie')]}, {('Louis', 'father', 'Harold'): [('Louis', 'daughter', 'Nicole'), ('Nicole', 'grandfather', 'Harold')]}, {('Louis', 'daughter', 'Nicole'): [('Louis', 'wife', 'Beverly'), ('Beverly', 'daughter', 'Nicole')]}]",wife-daughter-grandfather-daughter,"[(0, 1), (1, 2), (2, 3), (3, 4)]","['wife', 'daughter', 'grandfather', 'daughter']","(0, 4)","Louis:male,Beverly:female,Nicole:female,Harold:male,Marie:female",test,Vidura,"(Nicole, has grandfather, Harold), (Harold, has granddaughter, Nicole), (Beverly, has husband, Louis), (Louis, has wife, Beverly), (Beverly, has daughter, Nicole), (Nicole, has mother, Beverly), (Harold, has daughter, Marie), (Marie, has father, Harold)"
150,"[Samuel] loves talking to his grandfather [Harold] on the phone. [Shantel] and her son, [Louis], went to the park, and had a wonderful time. [Harold] took his daughter, [Tracy], to a baseball game. [Samuel] took his favorite son [Louis] to a baseball game where he caught a foul ball as a souvenir.","('Shantel', 'Tracy')",daughter,"[{('Shantel', 'daughter', 'Tracy'): [('Shantel', 'son', 'Louis'), ('Louis', 'sister', 'Tracy')]}, {('Louis', 'sister', 'Tracy'): [('Louis', 'father', 'Harold'), ('Harold', 'daughter', 'Tracy')]}, {('Louis', 'father', 'Harold'): [('Louis', 'son', 'Samuel'), ('Samuel', 'grandfather', 'Harold')]}]",son-son-grandfather-daughter,"[(0, 1), (1, 2), (2, 3), (3, 4)]","['son', 'son', 'grandfather', 'daughter']","(0, 4)","Shantel:female,Louis:male,Samuel:male,Harold:male,Tracy:female",test,Vidura,"(Samuel, has grandfather, Harold), (Harold, has grandson, Samuel), (Shantel, has son, Louis), (Louis, has mother, Shantel), (Harold, has daughter, Tracy), (Tracy, has father, Harold), (Samuel, has son, Louis), (Louis, has father, Samuel)"
223,"[Angela] asked her daughter, [Nancy], if she would like to go to a movie with her on Saturday night. [Hattie] worked so hard on the party. Her father, [Samuel], celebrated his 89th birthday. [Samuel] was thrilled his brother, [Milton], and [Hattie]'s sister, [Nancy], could join the celebration. [Milton] has a daughter called [Arlene].","('Angela', 'Arlene')",niece,"[{('Angela', 'niece', 'Arlene'): [('Angela', 'brother', 'Milton'), ('Milton', 'daughter', 'Arlene')]}, {('Angela', 'brother', 'Milton'): [('Angela', 'daughter', 'Hattie'), ('Hattie', 'uncle', 'Milton')]}, {('Hattie', 'uncle', 'Milton'): [('Hattie', 'father', 'Samuel'), ('Samuel', 'brother', 'Milton')]}, {('Angela', 'daughter', 'Hattie'): [('Angela', 'daughter', 'Nancy'), ('Nancy', 'sister', 'Hattie')]}]",daughter-sister-father-brother-daughter,"[(0, 1), (1, 2), (2, 3), (3, 4), (4, 5)]","['daughter', 'sister', 'father', 'brother', 'daughter']","(0, 5)","Angela:female,Nancy:female,Hattie:female,Samuel:male,Milton:male,Arlene:female",test,Vidura,"(Angela, has daughter, Nancy), (Nancy, has mother, Angela), (Hattie, has father, Samuel), (Samuel, has daughter, Hattie), (Samuel, has brother, Milton), (Milton, has brother, Samuel), (Hattie, has sister, Nancy), (Nancy, has sister, Hattie), (Milton, has daughter, Arlene), (Arlene, has father, Milton)"
224,"[Angela] was eager to spend time with her son, [Gilbert]. [Samuel] bought toys for his son [Gilbert] and his daughter [Hattie]. [Nancy] and her father, [Samuel], went to the marina. [Samuel]'s daughter, [Hattie], had purchased a boat, and they were eager to see it.","('Nancy', 'Angela')",mother,"[{('Nancy', 'mother', 'Angela'): [('Nancy', 'sister', 'Hattie'), ('Hattie', 'mother', 'Angela')]}, {('Hattie', 'mother', 'Angela'): [('Hattie', 'brother', 'Gilbert'), ('Gilbert', 'mother', 'Angela')]}, {('Hattie', 'brother', 'Gilbert'): [('Hattie', 'father', 'Samuel'), ('Samuel', 'son', 'Gilbert')]}, {('Nancy', 'sister', 'Hattie'): [('Nancy', 'father', 'Samuel'), ('Samuel', 'daughter', 'Hattie')]}]",father-daughter-father-son-mother,"[(0, 1), (1, 2), (2, 1), (1, 3), (3, 4)]","['father', 'daughter', 'father', 'son', 'mother']","(0, 4)","Nancy:female,Samuel:male,Hattie:female,Gilbert:male,Angela:female",test,Vidura,"(Angela, has son, Gilbert), (Gilbert, has mother, Angela), (Samuel, has son, Gilbert), (Gilbert, has father, Samuel), (Samuel, has daughter, Hattie), (Hattie, has father, Samuel), (Nancy, has father, Samuel), (Samuel, has daughter, Nancy)"
226,[Melanie] enjoyed a homemade dinner with her son [Benito] [Victoria] asked her brother [William] and his son [Benito] to come over for dinner Friday night since it was [William]'s birthday. [Victoria] and her son [Jeremy] made hot dogs. [Jeremy]'s brother [Andrew] ate one.,"('Melanie', 'Andrew')",nephew,"[{('Melanie', 'nephew', 'Andrew'): [('Melanie', 'sister', 'Victoria'), ('Victoria', 'son', 'Andrew')]}, {('Melanie', 'sister', 'Victoria'): [('Melanie', 'son', 'Benito'), ('Benito', 'aunt', 'Victoria')]}, {('Victoria', 'son', 'Andrew'): [('Victoria', 'son', 'Jeremy'), ('Jeremy', 'brother', 'Andrew')]}, {('Benito', 'aunt', 'Victoria'): [('Benito', 'father', 'William'), ('William', 'sister', 'Victoria')]}]",son-father-sister-son-brother,"[(0, 1), (1, 2), (2, 3), (3, 4), (4, 5)]","['son', 'father', 'sister', 'son', 'brother']","(0, 5)","Melanie:female,Benito:male,William:male,Victoria:female,Jeremy:male,Andrew:male",test,Vidura,"(Melanie, has son, Benito), (Benito, has mother, Melanie), (Victoria, has brother, William), (William, has sister, Victoria), (William, has son, Benito), (Benito, has father, William), (Victoria, has son, Jeremy), (Jeremy, has mother, Victoria), (Jeremy, has brother, Andrew), (Andrew, has brother, Jeremy)"
227,"[Andrew] went to his brother [Richard]'s Birthday party [Richard] got his son, [Donald], a car for his birthday. [Milton] is the uncle of [Andrew]. [Milton] went to see his daughter [Arlene] for parents day at college. [Arlene] and her brother [Pat] went to see a movie.","('Donald', 'Pat')",nephew,"[{('Donald', 'nephew', 'Pat'): [('Donald', 'brother', 'Milton'), ('Milton', 'son', 'Pat')]}, {('Donald', 'brother', 'Milton'): [('Donald', 'son', 'Andrew'), ('Andrew', 'uncle', 'Milton')]}, {('Donald', 'son', 'Andrew'): [('Donald', 'son', 'Richard'), ('Richard', 'brother', 'Andrew')]}, {('Milton', 'son', 'Pat'): [('Milton', 'daughter', 'Arlene'), ('Arlene', 'brother', 'Pat')]}]",son-brother-uncle-daughter-brother,"[(0, 1), (1, 2), (2, 3), (3, 4), (4, 5)]","['son', 'brother', 'uncle', 'daughter', 'brother']","(0, 5)","Donald:male,Richard:male,Andrew:male,Milton:male,Arlene:female,Pat:male",test,Vidura,"(Andrew, has brother, Richard), (Richard, has brother, Andrew), (Richard, has son, Donald), (Donald, has father, Richard), (Milton, has nephew, Andrew), (Andrew, has uncle, Milton), (Milton, has daughter, Arlene), (Arlene, has father, Milton), (Arlene, has brother, Pat), (Pat, has sister, Arlene)"
242,"[Irene] went to dinner with her daughter [Guadalupe]. They then went to the park afterwards. [Richard] adored his brother, [Jeremy]. [Jeremy]'s brother, [Charles], also adored him. [Victoria] went to her son [Richard]'s House [Irene] went to her aunt [Victoria]'s house for dinner. [Victoria] made meatloaf, and it was delicious.","('Guadalupe', 'Charles')",nephew,"[{('Guadalupe', 'nephew', 'Charles'): [('Guadalupe', 'sister', 'Victoria'), ('Victoria', 'son', 'Charles')]}, {('Victoria', 'son', 'Charles'): [('Victoria', 'son', 'Jeremy'), ('Jeremy', 'brother', 'Charles')]}, {('Guadalupe', 'sister', 'Victoria'): [('Guadalupe', 'daughter', 'Irene'), ('Irene', 'aunt', 'Victoria')]}, {('Victoria', 'son', 'Jeremy'): [('Victoria', 'son', 'Richard'), ('Richard', 'brother', 'Jeremy')]}]",daughter-aunt-son-brother-brother,"[(0, 1), (1, 2), (2, 3), (3, 4), (4, 5)]","['daughter', 'aunt', 'son', 'brother', 'brother']","(0, 5)","Guadalupe:female,Irene:female,Victoria:female,Richard:male,Jeremy:male,Charles:male",test,Vidura,"(Irene, has daughter, Guadalupe), (Guadalupe, has mother, Irene), (Richard, has brother, Jeremy), (Jeremy, has brother, Richard), (Jeremy, has brother, Charles), (Charles, has brother, Jeremy), (Victoria, has son, Richard), (Richard, has mother, Victoria), (Irene, has aunt, Victoria), (Victoria, has niece, Irene)"
347,"[Richard] was thrilled his brother, [Jeremy], was able to make it to the party. [Samuel] and his brother [Milton] played harmonicas together. [Samuel]'s daughter [Nancy] loved it. [Milton] bought tickets for him to see the game with his nephew, [Richard]. [Jeremy] took his son [Donald] out for pizza.","('Donald', 'Nancy')",niece,"[{('Donald', 'niece', 'Nancy'): [('Donald', 'brother', 'Samuel'), ('Samuel', 'daughter', 'Nancy')]}, {('Donald', 'brother', 'Samuel'): [('Donald', 'brother', 'Milton'), ('Milton', 'brother', 'Samuel')]}, {('Donald', 'brother', 'Milton'): [('Donald', 'son', 'Richard'), ('Richard', 'uncle', 'Milton')]}, {('Donald', 'son', 'Richard'): [('Donald', 'son', 'Jeremy'), ('Jeremy', 'brother', 'Richard')]}]",son-brother-uncle-brother-daughter,"[(0, 1), (1, 2), (2, 3), (3, 4), (4, 5)]","['son', 'brother', 'uncle', 'brother', 'daughter']","(0, 5)","Donald:male,Jeremy:male,Richard:male,Milton:male,Samuel:male,Nancy:female",test,Vidura,"(Richard, has brother, Jeremy), (Jeremy, has brother, Richard), (Samuel, has brother, Milton), (Milton, has brother, Samuel), (Samuel, has daughter, Nancy), (Nancy, has father, Samuel), (Milton, has nephew, Richard), (Richard, has uncle, Milton), (Jeremy, has son, Donald), (Donald, has father, Jeremy)"
222,"[Charles] went to his mother [Victoria] ''s house to play cards. [Andrew], [Victoria]'s other son, was there too. [Donald] showed up later and asked his son [Charles] to deal him in too. [Gilbert] got his son, [Samuel], a car for his birthday. [Andrew] meet his uncle, [Samuel], at the baseball game, excited for their team to win.","('Donald', 'Gilbert')",nephew,"[{('Donald', 'nephew', 'Gilbert'): [('Donald', 'brother', 'Samuel'), ('Samuel', 'son', 'Gilbert')]}, {('Donald', 'brother', 'Samuel'): [('Donald', 'son', 'Andrew'), ('Andrew', 'uncle', 'Samuel')]}, {('Donald', 'son', 'Andrew'): [('Donald', 'son', 'Charles'), ('Charles', 'brother', 'Andrew')]}, {('Charles', 'brother', 'Andrew'): [('Charles', 'mother', 'Victoria'), ('Victoria', 'son', 'Andrew')]}]",son-mother-son-uncle-son,"[(0, 1), (1, 2), (2, 3), (3, 4), (4, 5)]","['son', 'mother', 'son', 'uncle', 'son']","(0, 5)","Donald:male,Charles:male,Victoria:female,Andrew:male,Samuel:male,Gilbert:male",test,Vidura,"(Charles, has mother, Victoria), (Victoria, has son, Charles), (Andrew, has mother, Victoria), (Victoria, has son, Andrew), (Donald, has son, Charles), (Charles, has father, Donald), (Gilbert, has son, Samuel), (Samuel, has father, Gilbert), (Andrew, has uncle, Samuel), (Samuel, has nephew, Andrew)"
225,"[Donald] took his son [Andrew] to the junkyard. [Donald]'s son [Richard] did n't go because he thought is was a gross place. [William] bought tickets for him to see the game with his nephew, [Andrew]. [Benito] took his son [William] out for pizza. [Victoria] went to her son [Richard]'s House","('Victoria', 'Benito')",nephew,"[{('Victoria', 'nephew', 'Benito'): [('Victoria', 'brother', 'William'), ('William', 'son', 'Benito')]}, {('Victoria', 'brother', 'William'): [('Victoria', 'son', 'Andrew'), ('Andrew', 'uncle', 'William')]}, {('Victoria', 'son', 'Andrew'): [('Victoria', 'son', 'Richard'), ('Richard', 'brother', 'Andrew')]}, {('Richard', 'brother', 'Andrew'): [('Richard', 'father', 'Donald'), ('Donald', 'son', 'Andrew')]}]",son-father-son-uncle-son,"[(0, 1), (1, 2), (2, 3), (3, 4), (4, 5)]","['son', 'father', 'son', 'uncle', 'son']","(0, 5)","Victoria:female,Richard:male,Donald:male,Andrew:male,William:male,Benito:male",test,Vidura,"(Donald, has son, Andrew), (Andrew, has father, Donald), (Donald, has son, Richard), (Richard, has father, Donald), (William, has nephew, Andrew), (Andrew, has uncle, William), (Benito, has son, William), (William, has father, Benito), (Victoria, has son, Richard), (Richard, has mother, Victoria)"
502,"[Seth] adored his brother, [Warren]. [Warren]'s brother, [Arthur], also adored him. [Lilly] cooked dinner for her mother [Dorothy] and her brothers [Warren] and [Seth]. [Robert] bought gifts for his lovely sister, [Dorothy]","('Robert', 'Arthur')",nephew,"[{('Robert', 'nephew', 'Arthur'): [('Robert', 'sister', 'Dorothy'), ('Dorothy', 'son', 'Arthur')]}, {('Dorothy', 'son', 'Arthur'): [('Dorothy', 'son', 'Seth'), ('Seth', 'brother', 'Arthur')]}, {('Dorothy', 'son', 'Seth'): [('Dorothy', 'son', 'Warren'), ('Warren', 'brother', 'Seth')]}, {('Dorothy', 'son', 'Warren'): [('Dorothy', 'daughter', 'Lilly'), ('Lilly', 'brother', 'Warren')]}, {('Seth', 'brother', 'Arthur'): [('Seth', 'brother', 'Warren'), ('Warren', 'brother', 'Arthur')]}]",sister-daughter-brother-brother-brother-brother,"[(0, 1), (1, 2), (2, 3), (3, 4), (4, 3), (3, 5)]","['sister', 'daughter', 'brother', 'brother', 'brother', 'brother']","(0, 5)","Robert:male,Dorothy:female,Lilly:female,Warren:male,Seth:male,Arthur:male",test,Vidura,"(Seth, has brother, Warren), (Warren, has brother, Seth), (Warren, has brother, Arthur), (Arthur, has brother, Warren), (Lilly, has mother, Dorothy), (Dorothy, has daughter, Lilly), (Lilly, has brother, Warren), (Warren, has sister, Lilly),(Lilly, has brother, Seth), (Seth, has sister, Lilly), (Robert, has sister, Dorothy), (Dorothy, has brother, Robert)"
510,"[Alfredo] adored his brother, [Michael]. [Michael]'s brother, [Ross], also adored him. [Alfredo] took his favorite son [Joseph] to a baseball game where he caught a foul ball as a souvenir. [Erica] and her brother [Clifton] went to see a movie. [Ross]'s mother [Erica] had to help him with his homework because he was having a test soon. [Joseph] took his son [Patrick] out for ice cream.","('Patrick', 'Clifton')",uncle,"[{('Patrick', 'uncle', 'Clifton'): [('Patrick', 'mother', 'Erica'), ('Erica', 'brother', 'Clifton')]}, {('Patrick', 'mother', 'Erica'): [('Patrick', 'brother', 'Alfredo'), ('Alfredo', 'mother', 'Erica')]}, {('Patrick', 'brother', 'Alfredo'): [('Patrick', 'father', 'Joseph'), ('Joseph', 'son', 'Alfredo')]}, {('Alfredo', 'mother', 'Erica'): [('Alfredo', 'brother', 'Michael'), ('Michael', 'mother', 'Erica')]}, {('Michael', 'mother', 'Erica'): [('Michael', 'brother', 'Ross'), ('Ross', 'mother', 'Erica')]}]",father-son-brother-brother-mother-brother,"[(0, 1), (1, 2), (2, 3), (3, 4), (4, 5), (5, 6)]","['father', 'son', 'brother', 'brother', 'mother', 'brother']","(0, 6)","Patrick:male,Joseph:male,Alfredo:male,Michael:male,Ross:male,Erica:female,Clifton:male",test,Vidura,"(Alfredo, has brother, Michael), (Michael, has brother, Alfredo), (Michael, has brother, Ross), (Ross, has brother, Michael), (Alfredo, has son, Joseph), (Joseph, has father, Alfredo), (Erica, has brother, Clifton), (Clifton, has sister, Erica), (Ross, has mother, Erica), (Erica, has son, Ross), (Joseph, has son, Patrick), (Patrick, has father, Joseph)"
500,"[Seth]'s mother [Dorothy] had to help him with his homework because he was having a test soon. [Mary]'s daughters [Erica] and [Dorothy] helped her bake cupcakes to give to [Erica]'s sister [Bonnie] for her birthday. [Arthur] and his brother, [Seth] run a turtle farm. [Arthur] and his sister, [Lilly] love it when their grandmother visits because she spoils them. She is coming this week to watch them while their parents are out of town.","('Lilly', 'Bonnie')",aunt,"[{('Lilly', 'aunt', 'Bonnie'): [('Lilly', 'mother', 'Dorothy'), ('Dorothy', 'sister', 'Bonnie')]}, {('Dorothy', 'sister', 'Bonnie'): [('Dorothy', 'sister', 'Erica'), ('Erica', 'sister', 'Bonnie')]}, {('Dorothy', 'sister', 'Erica'): [('Dorothy', 'mother', 'Mary'), ('Mary', 'daughter', 'Erica')]}, {('Lilly', 'mother', 'Dorothy'): [('Lilly', 'brother', 'Arthur'), ('Arthur', 'mother', 'Dorothy')]}, {('Arthur', 'mother', 'Dorothy'): [('Arthur', 'brother', 'Seth'), ('Seth', 'mother', 'Dorothy')]}]",brother-brother-mother-mother-daughter-sister,"[(0, 1), (1, 2), (2, 3), (3, 4), (4, 5), (5, 6)]","['brother', 'brother', 'mother', 'mother', 'daughter', 'sister']","(0, 6)","Lilly:female,Arthur:male,Seth:male,Dorothy:female,Mary:female,Erica:female,Bonnie:female",test,Vidura,"(Seth, has mother, Dorothy), (Dorothy, has son, Seth), (Mary, has daughter, Erica), (Erica, has mother, Mary), (Mary, has daughter, Dorothy), (Dorothy, has mother, Mary), (Erica, has sister, Bonnie), (Bonnie, has sister, Erica), (Arthur, has brother, Seth), (Seth, has brother, Arthur), (Arthur, has sister, Lilly), (Lilly, has brother, Arthur)"
503,"[Katherine] was eager to show her new house to her father, [Daniel]. It was even better when her sister, [Dorothy], showed up, too. [Ross] and his brother [Alfredo] went to the park to play basketball. [Erica] took her sister, [Dorothy], out to dinner for her birthday. [Joseph] took his son [Ross] out for dinner with his wife [Erica] for his birthday.","('Daniel', 'Alfredo')",grandson,"[{('Daniel', 'grandson', 'Alfredo'): [('Daniel', 'daughter', 'Erica'), ('Erica', 'son', 'Alfredo')]}, {('Erica', 'son', 'Alfredo'): [('Erica', 'son', 'Ross'), ('Ross', 'brother', 'Alfredo')]}, {('Daniel', 'daughter', 'Erica'): [('Daniel', 'daughter', 'Dorothy'), ('Dorothy', 'sister', 'Erica')]}, {('Erica', 'son', 'Ross'): [('Erica', 'husband', 'Joseph'), ('Joseph', 'son', 'Ross')]}, {('Daniel', 'daughter', 'Dorothy'): [('Daniel', 'daughter', 'Katherine'), ('Katherine', 'sister', 'Dorothy')]}]",daughter-sister-sister-husband-son-brother,"[(0, 1), (1, 2), (2, 3), (3, 4), (4, 5), (5, 6)]","['daughter', 'sister', 'sister', 'husband', 'son', 'brother']","(0, 6)","Daniel:male,Katherine:female,Dorothy:female,Erica:female,Joseph:male,Ross:male,Alfredo:male",test,Vidura,"(Katherine, has father, Daniel), (Daniel, has daughter, Katherine), (Katherine, has sister, Dorothy), (Dorothy, has sister, Katherine), (Ross, has brother, Alfredo), (Alfredo, has brother, Ross), (Erica, has sister, Dorothy), (Dorothy, has sister, Erica), (Joseph, has son, Ross), (Ross, has father, Joseph), (Joseph, has wife, Erica), (Erica, has husband, Joseph)"
505,"[Clifton]'s father, [David], took his daughter [Julie] to the park to play on the swings. [Katherine] went to her brother [Joseph]'s birthday party [Bonnie]'s brother [Joseph] and husband [Clifton] mowed the lawn while [Bonnie]'s son [David] watched.","('Katherine', 'Julie')",niece,"[{('Katherine', 'niece', 'Julie'): [('Katherine', 'sister', 'Bonnie'), ('Bonnie', 'daughter', 'Julie')]}, {('Bonnie', 'daughter', 'Julie'): [('Bonnie', 'son', 'David'), ('David', 'sister', 'Julie')]}, {('David', 'sister', 'Julie'): [('David', 'father', 'Clifton'), ('Clifton', 'daughter', 'Julie')]}, {('Bonnie', 'son', 'David'): [('Bonnie', 'husband', 'Clifton'), ('Clifton', 'son', 'David')]}, {('Katherine', 'sister', 'Bonnie'): [('Katherine', 'brother', 'Joseph'), ('Joseph', 'sister', 'Bonnie')]}]",brother-sister-husband-son-father-daughter,"[(0, 1), (1, 2), (2, 3), (3, 4), (4, 3), (3, 5)]","['brother', 'sister', 'husband', 'son', 'father', 'daughter']","(0, 5)","Katherine:female,Joseph:male,Bonnie:female,Clifton:male,David:male,Julie:female",test,Vidura,"(Clifton, has father, David), (David, has son, Clifton), (David, has daughter, Julie), (Julie, has father, David), (Katherine, has brother, Joseph), (Joseph, has sister, Katherine), (Bonnie, has brother, Joseph), (Joseph, has sister, Bonnie), (Bonnie, has husband, Clifton), (Clifton, has wife, Bonnie), (Bonnie, has son, David), (David, has mother, Bonnie)"
450,"[Bonnie] always goes to the park with her son [David] on Saturdays. [Kenneth] was thrilled his brother, [David], was able to make it to the party. [Seth] took his favorite son [Alvin] to a baseball game where he caught a foul ball as a souvenir. [Clifton] was so excited to surprise his son, [Kenneth], with the tickets to the playoffs. [Seth] and his Aunt [Bonnie] flew first class [Clifton] rushed to the hospital to find out that his wife and already given birth to a boy and had named him [William].","('Alvin', 'William')",nephew,"[{('Alvin', 'nephew', 'William'): [('Alvin', 'sister', 'Bonnie'), ('Bonnie', 'son', 'William')]}, {('Bonnie', 'son', 'William'): [('Bonnie', 'son', 'David'), ('David', 'brother', 'William')]}, {('David', 'brother', 'William'): [('David', 'brother', 'Kenneth'), ('Kenneth', 'brother', 'William')]}, {('Kenneth', 'brother', 'William'): [('Kenneth', 'father', 'Clifton'), ('Clifton', 'son', 'William')]}, {('Alvin', 'sister', 'Bonnie'): [('Alvin', 'son', 'Seth'), ('Seth', 'aunt', 'Bonnie')]}]",son-aunt-son-brother-father-son,"[(0, 1), (1, 2), (2, 3), (3, 4), (4, 5), (5, 6)]","['son', 'aunt', 'son', 'brother', 'father', 'son']","(0, 6)","Alvin:male,Seth:male,Bonnie:female,David:male,Kenneth:male,Clifton:male,William:male",test,Sudheera,"(Bonnie, has son, David), (David, has mother, Bonnie), (Kenneth, has brother, David), (David, has brother, Kenneth), (Seth, has son, Alvin), (Alvin, has father, Seth), (Clifton, has son, Kenneth), (Kenneth, has father, Clifton), (Seth, has aunt, Bonnie), (Bonnie, has nephew, Seth), (Clifton, has son, William), (William, has father, Clifton)"
501,"[William] meet with his mom, [Bonnie], for dinner at her favorite restaurant. [Bonnie] had picked her daughter [Julie] out the cutest new dress to wear on her birthday. [Julie] was n't able to pick her brother [David] up at the airport so he called his dad [Clifton] to come collect him. [Katherine] loves going to the park with her daughter's son. His name is [David]. [Clifton] took his son [David] to the park to feed the squirrels.","('William', 'Katherine')",aunt,"[{('William', 'aunt', 'Katherine'): [('William', 'father', 'Clifton'), ('Clifton', 'sister', 'Katherine')]}, {('Clifton', 'sister', 'Katherine'): [('Clifton', 'son', 'David'), ('David', 'aunt', 'Katherine')]}, {('William', 'father', 'Clifton'): [('William', 'brother', 'David'), ('David', 'father', 'Clifton')]}, {('William', 'brother', 'David'): [('William', 'sister', 'Julie'), ('Julie', 'brother', 'David')]}, {('William', 'sister', 'Julie'): [('William', 'mother', 'Bonnie'), ('Bonnie', 'daughter', 'Julie')]}]",mother-daughter-brother-father-son-aunt,"[(0, 1), (1, 2), (2, 3), (3, 4), (4, 3), (3, 5)]","['mother', 'daughter', 'brother', 'father', 'son', 'aunt']","(0, 5)","William:male,Bonnie:female,Julie:female,David:male,Clifton:male,Katherine:female",test,Sudheera,"(William, has mother, Bonnie), (Bonnie, has son, William), (Bonnie, has daughter, Julie), (Julie, has mother, Bonnie), (Julie, has brother, David), (David, has sister, Julie), (David, has father, Clifton), (Clifton, has son, David), (Katherine, has grandson, David), (David, has grandmother, Katherine), (Clifton, has son, David), (David, has father, Clifton)"
507,"[Patrick] wanted to take his father [Joseph] to a monster truck show. He asked [Daniel] his grandfather to go with them. [Joseph] took his nephew [Arthur] to the football game. [Bonnie] was always arguing with her mother's husband [Daniel]. [Dorothy] and her son, [Arthur], went to the park to fly a kite. They had fun doing it all day. [Julie] went to dinner with her daughter [Bonnie]. They then went to the park afterwards.","('Dorothy', 'Julie')",niece,"[{('Dorothy', 'niece', 'Julie'): [('Dorothy', 'sister', 'Bonnie'), ('Bonnie', 'daughter', 'Julie')]}, {('Dorothy', 'sister', 'Bonnie'): [('Dorothy', 'brother', 'Joseph'), ('Joseph', 'sister', 'Bonnie')]}, {('Joseph', 'sister', 'Bonnie'): [('Joseph', 'father', 'Daniel'), ('Daniel', 'daughter', 'Bonnie')]}, {('Joseph', 'father', 'Daniel'): [('Joseph', 'son', 'Patrick'), ('Patrick', 'grandfather', 'Daniel')]}, {('Dorothy', 'brother', 'Joseph'): [('Dorothy', 'son', 'Arthur'), ('Arthur', 'uncle', 'Joseph')]}]",son-uncle-son-grandfather-daughter-daughter,"[(0, 1), (1, 2), (2, 3), (3, 4), (4, 5), (5, 6)]","['son', 'uncle', 'son', 'grandfather', 'daughter', 'daughter']","(0, 6)","Dorothy:female,Arthur:male,Joseph:male,Patrick:male,Daniel:male,Bonnie:female,Julie:female",test,Sudheera,"(Patrick, has father, Joseph), (Joseph, has son, Patrick), (Patrick, has grandfather, Daniel), (Daniel, has grandson, Patrick), (Joseph, has nephew, Arthur), (Arthur, has uncle, Joseph), (Bonnie, has father, Daniel), (Daniel, has daughter, Bonnie), (Dorothy, has son, Arthur), (Arthur, has mother, Dorothy), (Julie, has daughter, Bonnie), (Bonnie, has mother, Julie)"
514,"[Diane] planned a trip to the zoo for her brother, [Peter]. They had a great time. [Alfred] and his sister, [Diane] love it when their grandmother visits because she spoils them. She is coming this week to watch them while their parents are out of town. [Jennifer] went to the mall, because she wanted to look for a present for her daughter, [Bertha]. [Alfred] likes to sing with his brother [Peter]. [Peter]'s sister [Bertha] hates when they sing. [Bertha] takes good care of her grandmother, [Madonna]. [Bertha] asked her mother, [Jennifer], what they were going to have for lunch.","('Peter', 'Madonna')",grandmother,"[{('Peter', 'grandmother', 'Madonna'): [('Peter', 'mother', 'Jennifer'), ('Jennifer', 'mother', 'Madonna')]}, {('Peter', 'mother', 'Jennifer'): [('Peter', 'sister', 'Diane'), ('Diane', 'mother', 'Jennifer')]}, {('Diane', 'mother', 'Jennifer'): [('Diane', 'brother', 'Alfred'), ('Alfred', 'mother', 'Jennifer')]}, {('Alfred', 'mother', 'Jennifer'): [('Alfred', 'sister', 'Bertha'), ('Bertha', 'mother', 'Jennifer')]}, {('Alfred', 'sister', 'Bertha'): [('Alfred', 'brother', 'Peter'), ('Peter', 'sister', 'Bertha')]}, {('Jennifer', 'mother', 'Madonna'): [('Jennifer', 'daughter', 'Bertha'), ('Bertha', 'grandmother', 'Madonna')]}]",sister-brother-brother-sister-mother-daughter-grandmother,"[(0, 1), (1, 2), (2, 0), (0, 3), (3, 4), (4, 3), (3, 5)]","['sister', 'brother', 'brother', 'sister', 'mother', 'daughter', 'grandmother']","(0, 5)","Peter:male,Diane:female,Alfred:male,Bertha:female,Jennifer:female,Madonna:female",test,Sudheera,"(Diane, has brother, Peter), (Peter, has sister, Diane), (Alfred, has sister, Diane), (Diane, has brother, Alfred), (Jennifer, has daughter, Bertha), (Bertha, has mother, Jennifer), (Alfred, has brother, Peter), (Peter, has brother, Alfred), (Peter, has sister, Bertha), (Bertha, has brother, Peter), (Bertha, has grandmother, Madonna), (Madonna, has granddaughter, Bertha), (Bertha, has mother, Jennifer), (Jennifer, has daughter, Bertha)"
524,"[Peter]'s mother [Jennifer] had to help him with his homework because he was having a test soon. [Stephen] took his son [Peter] to the park to feed the squirrels. [Jennifer] bought her mother, [Madonna], a puppy for her birthday. [Diane] went shoe shopping with her sister [Bertha]. [Bertha] and her siblings [Diane] and [Alfred] went on a business trip to Asia [Bertha] was glad to see her father, [Stephen], at her dance recital.","('Bertha', 'Madonna')",grandmother,"[{('Bertha', 'grandmother', 'Madonna'): [('Bertha', 'mother', 'Jennifer'), ('Jennifer', 'mother', 'Madonna')]}, {('Bertha', 'mother', 'Jennifer'): [('Bertha', 'sister', 'Diane'), ('Diane', 'mother', 'Jennifer')]}, {('Diane', 'mother', 'Jennifer'): [('Diane', 'brother', 'Peter'), ('Peter', 'mother', 'Jennifer')]}, {('Diane', 'brother', 'Peter'): [('Diane', 'father', 'Stephen'), ('Stephen', 'son', 'Peter')]}, {('Diane', 'father', 'Stephen'): [('Diane', 'brother', 'Alfred'), ('Alfred', 'father', 'Stephen')]}, {('Alfred', 'father', 'Stephen'): [('Alfred', 'sister', 'Bertha'), ('Bertha', 'father', 'Stephen')]}]",sister-brother-sister-father-son-mother-mother,"[(0, 1), (1, 2), (2, 0), (0, 3), (3, 4), (4, 5), (5, 6)]","['sister', 'brother', 'sister', 'father', 'son', 'mother', 'mother']","(0, 6)","Bertha:female,Diane:female,Alfred:male,Stephen:male,Peter:male,Jennifer:female,Madonna:female",test,Sudheera,"(Peter, has mother, Jennifer), (Jennifer, has son, Peter), (Stephen, has son, Peter), (Peter, has father, Stephen), (Jennifer, has mother, Madonna), (Madonna, has daughter, Jennifer), (Diane, has sister, Bertha), (Bertha, has sister, Diane), (Bertha, has sister, Diane), (Diane, has sister, Bertha), (Bertha, has brother, Alfred), (Alfred, has sister, Bertha), (Bertha, has father, Stephen), (Stephen, has daughter, Bertha)"
513,"[Patricia] was excited because today she was going to the zoo with her uncle [Daniel]. [Marguerite] took her son [Kyle] to the state fair. [Daniel] gave his wife, [Marguerite] tickets so that they could get in. [Ethel] planned a trip to the zoo for her brother, [Michael]. They had a great time. [Kyle] played basketball with his brother [Michael]. [Paul] went to the game with his sister [Patricia]. [Gayle] and her son, [Paul], went to the park, and had a wonderful time.","('Gayle', 'Ethel')",niece,"[{('Gayle', 'niece', 'Ethel'): [('Gayle', 'brother', 'Daniel'), ('Daniel', 'daughter', 'Ethel')]}, {('Daniel', 'daughter', 'Ethel'): [('Daniel', 'son', 'Michael'), ('Michael', 'sister', 'Ethel')]}, {('Daniel', 'son', 'Michael'): [('Daniel', 'wife', 'Marguerite'), ('Marguerite', 'son', 'Michael')]}, {('Gayle', 'brother', 'Daniel'): [('Gayle', 'daughter', 'Patricia'), ('Patricia', 'uncle', 'Daniel')]}, {('Gayle', 'daughter', 'Patricia'): [('Gayle', 'son', 'Paul'), ('Paul', 'sister', 'Patricia')]}, {('Marguerite', 'son', 'Michael'): [('Marguerite', 'son', 'Kyle'), ('Kyle', 'brother', 'Michael')]}]",son-sister-uncle-wife-son-brother-sister,"[(0, 1), (1, 2), (2, 3), (3, 4), (4, 5), (5, 6), (6, 7)]","['son', 'sister', 'uncle', 'wife', 'son', 'brother', 'sister']","(0, 7)","Gayle:female,Paul:male,Patricia:female,Daniel:male,Marguerite:female,Kyle:male,Michael:male,Ethel:female",test,Sudheera,"(Patricia, has uncle, Daniel), (Daniel, has niece, Patricia), (Marguerite, has son, Kyle), (Kyle, has mother, Marguerite), (Daniel, has wife, Marguerite), (Marguerite, has husband, Daniel), (Ethel, has brother, Michael), (Michael, has sister, Ethel), (Kyle, has brother, Michael), (Michael, has brother, Kyle), (Paul, has sister, Patricia), (Patricia, has brother, Paul), (Gayle, has son, Paul), (Paul, has mother, Gayle)"
518,"[Lisa] was ready to leave for the airport when she got a call from her sister [Ruth] that [Ruth]'s father [William] had fallen ill. [William]'s wife [Mary] had found him collapsed at the desk. [Gayle] spent a great day shopping with her daughter, [Maria]. [Gayle] had a daughter named [Susan]. [Carlos] took his daughter, [Susan], to a baseball game. [Maria] and her aunt, [Mary], went to the deli. They got a half a pound of corned beef, and two pounds of salami.","('Carlos', 'Lisa')",niece,"[{('Carlos', 'niece', 'Lisa'): [('Carlos', 'sister', 'Mary'), ('Mary', 'daughter', 'Lisa')]}, {('Mary', 'daughter', 'Lisa'): [('Mary', 'daughter', 'Ruth'), ('Ruth', 'sister', 'Lisa')]}, {('Mary', 'daughter', 'Ruth'): [('Mary', 'husband', 'William'), ('William', 'daughter', 'Ruth')]}, {('Carlos', 'sister', 'Mary'): [('Carlos', 'daughter', 'Susan'), ('Susan', 'aunt', 'Mary')]}, {('Susan', 'aunt', 'Mary'): [('Susan', 'mother', 'Gayle'), ('Gayle', 'sister', 'Mary')]}, {('Gayle', 'sister', 'Mary'): [('Gayle', 'daughter', 'Maria'), ('Maria', 'aunt', 'Mary')]}]",daughter-mother-daughter-aunt-husband-daughter-sister,"[(0, 1), (1, 2), (2, 3), (3, 4), (4, 5), (5, 6), (6, 7)]","['daughter', 'mother', 'daughter', 'aunt', 'husband', 'daughter', 'sister']","(0, 7)","Carlos:male,Susan:female,Gayle:female,Maria:female,Mary:female,William:male,Ruth:female,Lisa:female",test,Sudheera,"(Lisa, has sister, Ruth), (Ruth, has sister, Lisa), (Ruth, has father, William), (William, has daughter, Ruth), (William, has wife, Mary), (Mary, has husband, William), (Gayle, has daughter, Maria), (Maria, has mother, Gayle), (Gayle, has daughter, Susan_1), (Susan_1, has mother, Gayle), (Carlos, has daughter, Susan_2), (Susan_2, has father, Carlos), (Maria, has aunt, Mary), (Mary, has niece, Maria)"
512,"[Bertha] decided to give her uncle, [Daniel], a call on his birthday. [Jennifer] went to the mall, because she wanted to look for a present for her daughter, [Bertha]. [Alfred] and his son [Stephen] went to look at cars. [Alfred] ended up buying the Mustang. [Kyle] invited his father [Daniel] and his brother [Michael] to go on a weekend fishing trip. [Jennifer] and her son [Peter] went to pick up his brother [Alfred] from school.","('Stephen', 'Michael')",nephew,"[{('Stephen', 'nephew', 'Michael'): [('Stephen', 'brother', 'Daniel'), ('Daniel', 'son', 'Michael')]}, {('Stephen', 'brother', 'Daniel'): [('Stephen', 'son', 'Alfred'), ('Alfred', 'uncle', 'Daniel')]}, {('Alfred', 'uncle', 'Daniel'): [('Alfred', 'mother', 'Jennifer'), ('Jennifer', 'brother', 'Daniel')]}, {('Alfred', 'mother', 'Jennifer'): [('Alfred', 'brother', 'Peter'), ('Peter', 'mother', 'Jennifer')]}, {('Daniel', 'son', 'Michael'): [('Daniel', 'son', 'Kyle'), ('Kyle', 'brother', 'Michael')]}, {('Jennifer', 'brother', 'Daniel'): [('Jennifer', 'daughter', 'Bertha'), ('Bertha', 'uncle', 'Daniel')]}]",son-brother-mother-daughter-uncle-son-brother,"[(0, 1), (1, 2), (2, 3), (3, 4), (4, 5), (5, 6), (6, 7)]","['son', 'brother', 'mother', 'daughter', 'uncle', 'son', 'brother']","(0, 7)","Stephen:male,Alfred:male,Peter:male,Jennifer:female,Bertha:female,Daniel:male,Kyle:male,Michael:male",test,Sudheera,"(Bertha, has uncle, Daniel), (Daniel, has niece, Bertha), (Jennifer, has daughter, Bertha), (Bertha, has mother, Jennifer), (Alfred, has son, Stephen), (Stephen, has father, Alfred), (Kyle, has father, Daniel), (Daniel, has son, Kyle), (Kyle, has brother, Michael), (Michael, has brother, Kyle), (Jennifer, has son, Peter), (Peter, has mother, Jennifer), (Peter, has brother, Alfred), (Alfred, has brother, Peter)"
523,"[Michael] and his son [Daniel] went to look at cars. [Michael] ended up buying the Mustang. [Madonna] asked her son [Carlos] if his son [Paul] wanted anything in particular for his birthday. [Ethel] took her brother [Jerry] and other brother [Michael] with her to eat pasta at a pasta buffet. [Jerry] meet his uncle, [Stephen], at the baseball game, excited for their team to win. [Daniel] was so pleased to spend time with his nephew, [Paul].","('Madonna', 'Stephen')",son,"[{('Madonna', 'son', 'Stephen'): [('Madonna', 'son', 'Daniel'), ('Daniel', 'brother', 'Stephen')]}, {('Madonna', 'son', 'Daniel'): [('Madonna', 'son', 'Carlos'), ('Carlos', 'brother', 'Daniel')]}, {('Daniel', 'brother', 'Stephen'): [('Daniel', 'son', 'Jerry'), ('Jerry', 'uncle', 'Stephen')]}, {('Carlos', 'brother', 'Daniel'): [('Carlos', 'son', 'Paul'), ('Paul', 'uncle', 'Daniel')]}, {('Daniel', 'son', 'Jerry'): [('Daniel', 'son', 'Michael'), ('Michael', 'brother', 'Jerry')]}, {('Michael', 'brother', 'Jerry'): [('Michael', 'sister', 'Ethel'), ('Ethel', 'brother', 'Jerry')]}]",son-son-uncle-son-sister-brother-uncle,"[(0, 1), (1, 2), (2, 3), (3, 4), (4, 5), (5, 6), (6, 7)]","['son', 'son', 'uncle', 'son', 'sister', 'brother', 'uncle']","(0, 7)","Madonna:female,Carlos:male,Paul:male,Daniel:male,Michael:male,Ethel:female,Jerry:male,Stephen:male",test,Sudheera,"(Michael, has son, Daniel), (Daniel, has father, Michael), (Madonna, has son, Carlos), (Carlos, has mother, Madonna), (Carlos, has son, Paul), (Paul, has father, Carlos), (Ethel, has brother, Jerry), (Jerry, has sister, Ethel), (Ethel, has brother, Michael), (Michael, has sister, Ethel), (Jerry, has uncle, Stephen), (Stephen, has nephew, Jerry), (Daniel, has nephew, Paul), (Paul, has uncle, Daniel)"
517,"[Jennifer] took her sister, [Gayle], out to dinner for her birthday. [Jennifer] asked her daughter, [Diane], if she would like to go to a movie with her on Saturday night. [James] was so proud of his son, [Daniel]. he received a great scholarship to college. [Paul] likes to visit his sister. Her name is [Susan]. [Susan] and her mother [Carlos] made breakfast together. [James] went to see his daughter [Gayle] for parents day at college. [Diane] decided to give her uncle, [Carlos], a call on his birthday.","('Daniel', 'Paul')",nephew,"[{('Daniel', 'nephew', 'Paul'): [('Daniel', 'brother', 'Carlos'), ('Carlos', 'son', 'Paul')]}, {('Carlos', 'son', 'Paul'): [('Carlos', 'daughter', 'Susan'), ('Susan', 'brother', 'Paul')]}, {('Daniel', 'brother', 'Carlos'): [('Daniel', 'father', 'James'), ('James', 'son', 'Carlos')]}, {('James', 'son', 'Carlos'): [('James', 'daughter', 'Jennifer'), ('Jennifer', 'brother', 'Carlos')]}, {('James', 'daughter', 'Jennifer'): [('James', 'daughter', 'Gayle'), ('Gayle', 'sister', 'Jennifer')]}, {('Jennifer', 'brother', 'Carlos'): [('Jennifer', 'daughter', 'Diane'), ('Diane', 'uncle', 'Carlos')]}]",father-daughter-sister-daughter-uncle-daughter-brother,"[(0, 1), (1, 2), (2, 3), (3, 4), (4, 5), (5, 6), (6, 7)]","['father', 'daughter', 'sister', 'daughter', 'uncle', 'daughter', 'brother']","(0, 7)","Daniel:male,James:male,Gayle:female,Jennifer:female,Diane:female,Carlos:male,Susan:female,Paul:male",test,Sudheera,"(Jennifer, has sister, Gayle), (Gayle, has sister, Jennifer), (Jennifer, has daughter, Diane), (Diane, has mother, Jennifer), (James, has son, Daniel), (Daniel, has father, James), (Paul, has sister, Susan), (Susan, has brother, Paul), (Susan, has mother, Carlos_1), (Carlos_1, has daughter, Susan), (James, has daughter, Gayle), (Gayle, has father, James), (Diane, has uncle, Carlos_2), (Carlos_2, has niece, Diane)"
526,"[Patricia] and her brother [Paul] went to see a movie. [Patricia] took her sister, [Maria], out to dinner for her birthday. [Carlos] went out for pizza with his sister [Mary] and his daughter [Susan]. [George] got his son, [William], a car for his birthday. [Maria] took her sister, [Susan], out to dinner for her birthday. [George]'s mother [Mary] had to help him with his homework because he was having a test soon.","('William', 'Paul')",nephew,"[{('William', 'nephew', 'Paul'): [('William', 'brother', 'Carlos'), ('Carlos', 'son', 'Paul')]}, {('Carlos', 'son', 'Paul'): [('Carlos', 'daughter', 'Maria'), ('Maria', 'brother', 'Paul')]}, {('William', 'brother', 'Carlos'): [('William', 'son', 'George'), ('George', 'uncle', 'Carlos')]}, {('Carlos', 'daughter', 'Maria'): [('Carlos', 'daughter', 'Susan'), ('Susan', 'sister', 'Maria')]}, {('George', 'uncle', 'Carlos'): [('George', 'mother', 'Mary'), ('Mary', 'brother', 'Carlos')]}, {('Maria', 'brother', 'Paul'): [('Maria', 'sister', 'Patricia'), ('Patricia', 'brother', 'Paul')]}]",son-mother-brother-daughter-sister-sister-brother,"[(0, 1), (1, 2), (2, 3), (3, 4), (4, 5), (5, 6), (6, 7)]","['son', 'mother', 'brother', 'daughter', 'sister', 'sister', 'brother']","(0, 7)","William:male,George:male,Mary:female,Carlos:male,Susan:female,Maria:female,Patricia:female,Paul:male",test,Sudheera,"(Patricia, has brother, Paul), (Paul, has sister, Patricia), (Patricia, has sister, Maria), (Maria, has sister, Patricia), (Carlos, has sister, Mary), (Mary, has brother, Carlos), (Carlos, has daughter, Susan), (Susan, has father, Carlos), (George, has son, William), (William, has father, George), (Maria, has sister, Susan), (Susan, has sister, Maria), (George, has mother, Mary), (Mary, has son, George)"
671,"[Kim] took her sister, [Earline], out to dinner for her birthday. [Lucas]'s aunt [Alice] took him to the store to do some last minute party shopping. [Manuel] drove his daughter [Earline] to soccer practice. [Manuel] and [Alice] have a happy marriage. [James]'s son, [Lucas], came first in a relay race at his school. [James]'s son, [Richard], felt jealous of [Lucas]. [Jeffery] went to the Farmer's market with his mother [Maria] and his brother [Richard].","('Maria', 'Kim')",niece,"[{('Maria', 'niece', 'Kim'): [('Maria', 'sister', 'Alice'), ('Alice', 'daughter', 'Kim')]}, {('Maria', 'sister', 'Alice'): [('Maria', 'son', 'Richard'), ('Richard', 'aunt', 'Alice')]}, {('Maria', 'son', 'Richard'): [('Maria', 'son', 'Jeffery'), ('Jeffery', 'brother', 'Richard')]}, {('Alice', 'daughter', 'Kim'): [('Alice', 'daughter', 'Earline'), ('Earline', 'sister', 'Kim')]}, {('Alice', 'daughter', 'Earline'): [('Alice', 'husband', 'Manuel'), ('Manuel', 'daughter', 'Earline')]}, {('Richard', 'aunt', 'Alice'): [('Richard', 'father', 'James'), ('James', 'sister', 'Alice')]}, {('James', 'sister', 'Alice'): [('James', 'son', 'Lucas'), ('Lucas', 'aunt', 'Alice')]}]",son-brother-father-son-aunt-husband-daughter-sister,"[(0, 1), (1, 2), (2, 3), (3, 4), (4, 5), (5, 6), (6, 7), (7, 8)]","['son', 'brother', 'father', 'son', 'aunt', 'husband', 'daughter', 'sister']","(0, 8)","Maria:female,Jeffery:male,Richard:male,James:male,Lucas:male,Alice:female,Manuel:male,Earline:female,Kim:female",test,Sudheera,"(Kim, has sister, Earline), (Earline, has sister, Kim), (Lucas, has aunt, Alice), (Alice, has nephew, Lucas), (Manuel, has daughter, Earline), (Earline, has father, Manuel), (Manuel, has wife, Alice), (Alice, has husband, Manuel), (James, has son, Lucas), (Lucas, has father, James), (James, has son, Richard), (Richard, has father, James), (Jeffery, has mother, Maria), (Maria, has son, Jeffery), (Jeffery, has brother, Richard), (Richard, has brother, Jeffery)"
674,"[Leslie] was glad to see her father, [James], at her dance recital. [Lucas]'s mother, [Maria], waited impatiently for him at the diner. [Leslie] invited her brothers [Richard] and [Lucas] to her high school graduation. [Maria] was excited to visit her son, [Lucas], at college. [Lucas] and his brother [Jeffery] went to the park to play basketball. [Jeffery] played basketball with his brother [Lucas]. [Richard] and his sister [Leslie] have been best friends ever since childhood.","('Lucas', 'James')",father,"[{('Lucas', 'father', 'James'): [('Lucas', 'brother', 'Richard'), ('Richard', 'father', 'James')]}, {('Richard', 'father', 'James'): [('Richard', 'sister', 'Leslie'), ('Leslie', 'father', 'James')]}, {('Lucas', 'brother', 'Richard'): [('Lucas', 'mother', 'Maria'), ('Maria', 'son', 'Richard')]}, {('Maria', 'son', 'Richard'): [('Maria', 'son', 'Jeffery'), ('Jeffery', 'brother', 'Richard')]}, {('Maria', 'son', 'Jeffery'): [('Maria', 'son', 'Lucas'), ('Lucas', 'brother', 'Jeffery')]}, {('Jeffery', 'brother', 'Richard'): [('Jeffery', 'sister', 'Leslie'), ('Leslie', 'brother', 'Richard')]}, {('Jeffery', 'sister', 'Leslie'): [('Jeffery', 'brother', 'Lucas'), ('Lucas', 'sister', 'Leslie')]}]",mother-son-brother-brother-sister-brother-sister-father,"[(0, 1), (1, 0), (0, 2), (2, 0), (0, 3), (3, 4), (4, 3), (3, 5)]","['mother', 'son', 'brother', 'brother', 'sister', 'brother', 'sister', 'father']","(0, 5)","Lucas:male,Maria:female,Jeffery:male,Leslie:female,Richard:male,James:male",test,Sudheera,"(Leslie, has father, James), (James, has daughter, Leslie), (Lucas, has mother, Maria), (Maria, has son, Lucas), (Leslie, has brother, Richard), (Richard, has sister, Leslie), (Leslie, has brother, Lucas), (Lucas, has sister, Leslie), (Maria, has son, Lucas), (Lucas, has mother, Maria), (Lucas, has brother, Jeffery), (Jeffery, has brother, Lucas), (Richard, has sister, Leslie), (Leslie, has brother, Richard)"
668,"[Kim]'s father, [Manuel], felt a wave of sadness when [Kim] left for college. [Alice] had a daughter named [Earline]. [Kim] went over to her uncle [Dallas]'s house for dinner. [Alice] asked her husband [Manuel] to take out the trash. [Manuel] took it out quickly so he could get back to the game. [Manuel] went to see his daughter [Kim] for parents day at college. [Manuel] is proud that his daughter is such a good student. Her name is [Earline]. [Manuel] needed to go pick his son [Roger] up a Christmas present. So he asked his daughter [Kim] to help pick something out for [Roger].","('Roger', 'Dallas')",uncle,"[{('Roger', 'uncle', 'Dallas'): [('Roger', 'mother', 'Alice'), ('Alice', 'brother', 'Dallas')]}, {('Roger', 'mother', 'Alice'): [('Roger', 'sister', 'Earline'), ('Earline', 'mother', 'Alice')]}, {('Roger', 'sister', 'Earline'): [('Roger', 'sister', 'Kim'), ('Kim', 'sister', 'Earline')]}, {('Kim', 'sister', 'Earline'): [('Kim', 'father', 'Manuel'), ('Manuel', 'daughter', 'Earline')]}, {('Alice', 'brother', 'Dallas'): [('Alice', 'daughter', 'Kim'), ('Kim', 'uncle', 'Dallas')]}, {('Roger', 'sister', 'Kim'): [('Roger', 'father', 'Manuel'), ('Manuel', 'daughter', 'Kim')]}, {('Alice', 'daughter', 'Kim'): [('Alice', 'husband', 'Manuel'), ('Manuel', 'daughter', 'Kim')]}]",father-daughter-father-daughter-mother-husband-daughter-uncle,"[(0, 1), (1, 2), (2, 1), (1, 3), (3, 4), (4, 1), (1, 2), (2, 5)]","['father', 'daughter', 'father', 'daughter', 'mother', 'husband', 'daughter', 'uncle']","(0, 5)","Roger:male,Manuel:male,Kim:female,Earline:female,Alice:female,Dallas:male",test,Sudheera,"(Kim, has father, Manuel), (Manuel, has daughter, Kim), (Alice, has daughter, Earline), (Earline, has mother, Alice), (Kim, has uncle, Dallas), (Dallas, has niece, Kim), (Alice, has husband, Manuel), (Manuel, has wife, Alice), (Manuel, has daughter, Earline), (Earline, has father, Manuel), (Manuel, has son, Roger), (Roger, has father, Manuel)"
669,"[James] bought his son, [Lucas], a new video game for his birthday. [Lucas] wanted his sister, [Leslie], and [Leslie]'s brother, [Jeffery], to play the game with him. [Dallas] played basketball with his brother [James]. [Shana] and her sister [Katherine] took their brother [David] to the hardware store. [David] was repairing his mother [Melody]'s front porch. [Shana] was excited because she was meeting her father, [Dallas], for lunch.","('Melody', 'Jeffery')",nephew,"[{('Melody', 'nephew', 'Jeffery'): [('Melody', 'brother', 'James'), ('James', 'son', 'Jeffery')]}, {('Melody', 'brother', 'James'): [('Melody', 'daughter', 'Shana'), ('Shana', 'uncle', 'James')]}, {('James', 'son', 'Jeffery'): [('James', 'daughter', 'Leslie'), ('Leslie', 'brother', 'Jeffery')]}, {('James', 'daughter', 'Leslie'): [('James', 'son', 'Lucas'), ('Lucas', 'sister', 'Leslie')]}, {('Melody', 'daughter', 'Shana'): [('Melody', 'son', 'David'), ('David', 'sister', 'Shana')]}, {('Shana', 'uncle', 'James'): [('Shana', 'father', 'Dallas'), ('Dallas', 'brother', 'James')]}, {('Melody', 'son', 'David'): [('Melody', 'daughter', 'Katherine'), ('Katherine', 'brother', 'David')]}]",daughter-brother-sister-father-brother-son-sister-brother,"[(0, 1), (1, 2), (2, 3), (3, 4), (4, 5), (5, 6), (6, 7), (7, 8)]","['daughter', 'brother', 'sister', 'father', 'brother', 'son', 'sister', 'brother']","(0, 8)","Melody:female,Katherine:female,David:male,Shana:female,Dallas:male,James:male,Lucas:male,Leslie:female,Jeffery:male",test,Sudheera,"(James, has son, Lucas), (Lucas, has father, James), (Lucas, has sister, Leslie), (Leslie, has brother, Lucas), (Leslie, has brother, Jeffery), (Jeffery, has sister, Leslie), (Dallas, has brother, James), (James, has brother, Dallas), (Shana, has sister, Katherine), (Katherine, has sister, Shana), (Shana, has brother, David), (David, has sister, Shana), (Katherine, has brother, David), (David, has sister, Katherine), (David, has mother, Melody), (Melody, has son, David), (Shana, has father, Dallas), (Dallas, has daughter, Shana)"
670,"[Donald] took his sister, [Melody], to a baseball game. [Lucas]'s mother, [Maria], waited impatiently for him at the diner. [Alice] and her brother [James] went to see a movie. [Maria] and her brother [Donald] went to see a movie. [Melody] 'daughter [Cecelia] visited for Christmas. [Cecelia]'s brother [David] was out of town for the holidays. [Luis] has a daughter called [Alice]. [Lucas] has a few children, [James], Bradley and Claire","('Luis', 'David')",grandson,"[{('Luis', 'grandson', 'David'): [('Luis', 'daughter', 'Melody'), ('Melody', 'son', 'David')]}, {('Melody', 'son', 'David'): [('Melody', 'daughter', 'Cecelia'), ('Cecelia', 'brother', 'David')]}, {('Luis', 'daughter', 'Melody'): [('Luis', 'son', 'Donald'), ('Donald', 'sister', 'Melody')]}, {('Luis', 'son', 'Donald'): [('Luis', 'son', 'James'), ('James', 'brother', 'Donald')]}, {('James', 'brother', 'Donald'): [('James', 'son', 'Lucas'), ('Lucas', 'uncle', 'Donald')]}, {('Luis', 'son', 'James'): [('Luis', 'daughter', 'Alice'), ('Alice', 'brother', 'James')]}, {('Lucas', 'uncle', 'Donald'): [('Lucas', 'mother', 'Maria'), ('Maria', 'brother', 'Donald')]}]",daughter-brother-son-mother-brother-sister-daughter-brother,"[(0, 1), (1, 2), (2, 3), (3, 4), (4, 5), (5, 6), (6, 7), (7, 8)]","['daughter', 'brother', 'son', 'mother', 'brother', 'sister', 'daughter', 'brother']","(0, 8)","Luis:male,Alice:female,James:male,Lucas:male,Maria:female,Donald:male,Melody:female,Cecelia:female,David:male",test,Sudheera,"(Donald, has sister, Melody), (Melody, has brother, Donald), (Lucas, has mother, Maria), (Maria, has son, Lucas), (Alice, has brother, James), (James, has sister, Alice), (Maria, has brother, Donald), (Donald, has sister, Maria), (Melody, has daughter, Cecelia), (Cecelia, has mother, Melody), (Cecelia, has brother, David), (David, has sister, Cecelia), (Luis, has daughter, Alice), (Alice, has father, Luis), (Lucas, has son, James), (James, has father, Lucas)"
711,"[Dallas] and his brother [Manuel] like to tease their sister [Maria]. [Maria]'s other brother, [Donald], does n't tease her. [Leslie] went to her aunt [Melody]'s house for dinner. [Melody] made meatloaf, and it was delicious. [David] took his favorite son [Dallas] to a baseball game where he caught a foul ball as a souvenir. [James] drove his daughter [Leslie] to soccer practice. [Donald] and his sister, [Melody] love it when their grandmother visits because she spoils them. She is coming this week to watch them while their parents are out of town. [David] took his sister, [Shana], to a baseball game.","('James', 'Shana')",niece,"[{('James', 'niece', 'Shana'): [('James', 'brother', 'Dallas'), ('Dallas', 'daughter', 'Shana')]}, {('Dallas', 'daughter', 'Shana'): [('Dallas', 'son', 'David'), ('David', 'sister', 'Shana')]}, {('James', 'brother', 'Dallas'): [('James', 'brother', 'Manuel'), ('Manuel', 'brother', 'Dallas')]}, {('James', 'brother', 'Manuel'): [('James', 'sister', 'Melody'), ('Melody', 'brother', 'Manuel')]}, {('Melody', 'brother', 'Manuel'): [('Melody', 'brother', 'Donald'), ('Donald', 'brother', 'Manuel')]}, {('Donald', 'brother', 'Manuel'): [('Donald', 'sister', 'Maria'), ('Maria', 'brother', 'Manuel')]}, {('James', 'sister', 'Melody'): [('James', 'daughter', 'Leslie'), ('Leslie', 'aunt', 'Melody')]}]",daughter-aunt-brother-sister-brother-brother-son-sister,"[(0, 1), (1, 2), (2, 3), (3, 4), (4, 5), (5, 6), (6, 7), (7, 8)]","['daughter', 'aunt', 'brother', 'sister', 'brother', 'brother', 'son', 'sister']","(0, 8)","James:male,Leslie:female,Melody:female,Donald:male,Maria:female,Manuel:male,Dallas:male,David:male,Shana:female",test,Sudheera,"(Dallas, has brother, Manuel), (Manuel, has brother, Dallas), (Dallas, has sister, Maria), (Maria, has brother, Dallas), (Maria, has brother, Donald), (Donald, has sister, Maria), (Leslie, has aunt, Melody), (Melody, has niece, Leslie), (David, has son, Dallas), (Dallas, has father, David), (James, has daughter, Leslie), (Leslie, has father, James), (Donald, has sister, Melody), (Melody, has brother, Donald), (David, has sister, Shana), (Shana, has brother, David)"
667,"[Jeffery] took his sister [Leslie] out to lunch after learning that she got accepted into her first choice for university. [Leslie] and [Richard] left that evening to go bowling. [Richard] took his sister [Leslie] out to lunch after learning that she got accepted into her first choice for university. [Richard] went to the Farmer's market with his mother [Maria] and his brother [Lucas]. [James] went fishing with his son [Jeffery]. [James]'s brother [Donald] wanted to go fishing with them, but he could n't make it. [Leslie] planned a trip to the zoo for her brother, [Lucas]. They had a great time.","('Maria', 'Donald')",brother,"[{('Maria', 'brother', 'Donald'): [('Maria', 'son', 'Lucas'), ('Lucas', 'uncle', 'Donald')]}, {('Maria', 'son', 'Lucas'): [('Maria', 'son', 'Richard'), ('Richard', 'brother', 'Lucas')]}, {('Lucas', 'uncle', 'Donald'): [('Lucas', 'father', 'James'), ('James', 'brother', 'Donald')]}, {('Lucas', 'father', 'James'): [('Lucas', 'brother', 'Richard'), ('Richard', 'father', 'James')]}, {('Richard', 'father', 'James'): [('Richard', 'sister', 'Leslie'), ('Leslie', 'father', 'James')]}, {('Lucas', 'brother', 'Richard'): [('Lucas', 'sister', 'Leslie'), ('Leslie', 'brother', 'Richard')]}, {('Leslie', 'father', 'James'): [('Leslie', 'brother', 'Jeffery'), ('Jeffery', 'father', 'James')]}]",son-brother-sister-brother-sister-brother-father-brother,"[(0, 1), (1, 2), (2, 3), (3, 1), (1, 3), (3, 4), (4, 5), (5, 6)]","['son', 'brother', 'sister', 'brother', 'sister', 'brother', 'father', 'brother']","(0, 6)","Maria:female,Richard:male,Lucas:male,Leslie:female,Jeffery:male,James:male,Donald:male",test,Sudheera,"(Jeffery, has sister, Leslie), (Leslie, has brother, Jeffery), (Richard, has sister, Leslie), (Leslie, has brother, Richard), (Richard, has mother, Maria), (Maria, has son, Richard), (Richard, has brother, Lucas), (Lucas, has brother, Richard), (James, has son, Jeffery), (Jeffery, has father, James), (James, has brother, Donald), (Donald, has brother, James), (Leslie, has brother, Lucas), (Lucas, has sister, Leslie)"
673,"[Mary]'s mom, [Alice], meet with with her sister, [Maria], to discuss their dad. [Roger]'s mother, [Alice], was disappointed that he failed his math class [Mary] took her sister, [Earline], out to dinner for her birthday. [Kim] took her sister, [Mary], out to dinner for her birthday. [Earline] went to the store with her sister [Kim] [Alice] asked her daughter, [Mary], if she would like to go to a movie with her on Saturday night. [Roger] took his favorite son [Manuel] to a baseball game where he caught a foul ball as a souvenir.","('Manuel', 'Maria')",sister,"[{('Manuel', 'sister', 'Maria'): [('Manuel', 'daughter', 'Earline'), ('Earline', 'aunt', 'Maria')]}, {('Manuel', 'daughter', 'Earline'): [('Manuel', 'daughter', 'Mary'), ('Mary', 'sister', 'Earline')]}, {('Earline', 'aunt', 'Maria'): [('Earline', 'mother', 'Alice'), ('Alice', 'sister', 'Maria')]}, {('Manuel', 'daughter', 'Mary'): [('Manuel', 'son', 'Roger'), ('Roger', 'sister', 'Mary')]}, {('Roger', 'sister', 'Mary'): [('Roger', 'mother', 'Alice'), ('Alice', 'daughter', 'Mary')]}, {('Earline', 'mother', 'Alice'): [('Earline', 'sister', 'Mary'), ('Mary', 'mother', 'Alice')]}, {('Mary', 'sister', 'Earline'): [('Mary', 'sister', 'Kim'), ('Kim', 'sister', 'Earline')]}]",son-mother-daughter-sister-sister-sister-mother-sister,"[(0, 1), (1, 2), (2, 3), (3, 4), (4, 5), (5, 3), (3, 2), (2, 6)]","['son', 'mother', 'daughter', 'sister', 'sister', 'sister', 'mother', 'sister']","(0, 6)","Manuel:male,Roger:male,Alice:female,Mary:female,Kim:female,Earline:female,Maria:female",test,Sudheera,"(Mary, has mother, Alice), (Alice, has daughter, Mary), (Alice, has sister, Maria), (Maria, has sister, Alice), (Roger, has mother, Alice), (Alice, has son, Roger), (Mary, has sister, Earline), (Earline, has sister, Mary), (Kim, has sister, Mary), (Mary, has sister, Kim), (Earline, has sister, Kim), (Kim, has sister, Earline), (Alice, has daughter, Mary), (Mary, has mother, Alice), (Roger, has son, Manuel), (Manuel, has father, Roger)"
804,"[Santa] went to dinner with her daughter [Susan]. They then went to the park afterwards. [Loren] wanted to meet with her brother, [Milton], but she had to cancel when her sister, [Santa], had an emergency that she needed to attend to. [Ronald] played basketball with his brother [John]. [Loren] wanted her sister, [Betty], to go the same college she attends. [Betty] chose to attend college with her brother, [Milton], instead. [Ronald] was so proud of his son, [Milton]. he received a great scholarship to college. [Santa] just had a baby and presented the baby proudly to the new maternal grandmother, [Susan]. [Milton] likes to visit his sister. Her name is [Santa].","('Loren', 'John')",uncle,"[{('Loren', 'uncle', 'John'): [('Loren', 'father', 'Ronald'), ('Ronald', 'brother', 'John')]}, {('Loren', 'father', 'Ronald'): [('Loren', 'sister', 'Betty'), ('Betty', 'father', 'Ronald')]}, {('Betty', 'father', 'Ronald'): [('Betty', 'sister', 'Santa'), ('Santa', 'father', 'Ronald')]}, {('Betty', 'sister', 'Santa'): [('Betty', 'mother', 'Susan'), ('Susan', 'daughter', 'Santa')]}, {('Betty', 'mother', 'Susan'): [('Betty', 'sister', 'Loren'), ('Loren', 'mother', 'Susan')]}, {('Loren', 'mother', 'Susan'): [('Loren', 'sister', 'Santa'), ('Santa', 'mother', 'Susan')]}, {('Betty', 'sister', 'Loren'): [('Betty', 'brother', 'Milton'), ('Milton', 'sister', 'Loren')]}, {('Santa', 'father', 'Ronald'): [('Santa', 'brother', 'Milton'), ('Milton', 'father', 'Ronald')]}]",sister-brother-sister-sister-mother-daughter-brother-father-brother,"[(0, 1), (1, 2), (2, 0), (0, 3), (3, 4), (4, 3), (3, 2), (2, 5), (5, 6)]","['sister', 'brother', 'sister', 'sister', 'mother', 'daughter', 'brother', 'father', 'brother']","(0, 6)","Loren:female,Betty:female,Milton:male,Santa:female,Susan:female,Ronald:male,John:male",test,Sudheera,"(Santa, has daughter, Susan), (Susan, has mother, Santa), (Loren, has brother, Milton), (Milton, has sister, Loren), (Loren, has sister, Santa), (Santa, has sister, Loren), (Ronald, has brother, John), (John, has brother, Ronald), (Loren, has sister, Betty), (Betty, has sister, Loren), (Betty, has brother, Milton), (Milton, has sister, Betty), (Ronald, has son, Milton), (Milton, has father, Ronald), (Santa, has mother, Susan), (Susan, has daughter, Santa), (Milton, has sister, Santa), (Santa, has brother, Milton) "
805,"[Danielle] loves playing tag with her daughter's son. His name is [Wallace]. [Albert] went to the game with his sister [Maryann]. [Danielle] went to the mall, because she wanted to look for a present for her daughter, [Susan]. [Kyle] and his son [Albert] were jumping rope. [Kyle]'s sister, [Susan], was nearby drawing in a coloring book. [Donna] took her daughter [Leah] and son [Wallace] to the beach. [Leah] was sad that her sister [Helen] could n't go with them. [Mark] drove his daughter [Helen] to soccer practice.","('Mark', 'Maryann')",niece,"[{('Mark', 'niece', 'Maryann'): [('Mark', 'brother', 'Kyle'), ('Kyle', 'daughter', 'Maryann')]}, {('Mark', 'brother', 'Kyle'): [('Mark', 'mother', 'Danielle'), ('Danielle', 'son', 'Kyle')]}, {('Mark', 'mother', 'Danielle'): [('Mark', 'son', 'Wallace'), ('Wallace', 'grandmother', 'Danielle')]}, {('Kyle', 'daughter', 'Maryann'): [('Kyle', 'son', 'Albert'), ('Albert', 'sister', 'Maryann')]}, {('Mark', 'son', 'Wallace'): [('Mark', 'daughter', 'Helen'), ('Helen', 'brother', 'Wallace')]}, {('Danielle', 'son', 'Kyle'): [('Danielle', 'daughter', 'Susan'), ('Susan', 'brother', 'Kyle')]}, {('Helen', 'brother', 'Wallace'): [('Helen', 'mother', 'Donna'), ('Donna', 'son', 'Wallace')]}, {('Helen', 'mother', 'Donna'): [('Helen', 'sister', 'Leah'), ('Leah', 'mother', 'Donna')]}]",daughter-sister-mother-son-grandmother-daughter-brother-son-sister,"[(0, 1), (1, 2), (2, 3), (3, 4), (4, 5), (5, 6), (6, 7), (7, 8), (8, 9)]","['daughter', 'sister', 'mother', 'son', 'grandmother', 'daughter', 'brother', 'son', 'sister']","(0, 9)","Mark:male,Helen:female,Leah:female,Donna:female,Wallace:male,Danielle:female,Susan:female,Kyle:male,Albert:male,Maryann:female",test,Sudheera,"(Danielle, has grandson, Wallace), (Wallace, has grandmother, Danielle), (Albert, has sister, Maryann), (Maryann, has brother, Albert), (Danielle, has daughter, Susan), (Susan, has mother, Danielle), (Kyle, has son, Albert), (Albert, has father, Kyle), (Kyle, has sister, Susan), (Susan, has brother, Kyle), (Donna, has daughter, Leah), (Leah, has mother, Donna), (Donna, has son, Wallace), (Wallace, has mother, Donna), (Leah, has sister, Helen), (Helen, has sister, Leah), (Mark, has daughter, Helen), (Helen, has father, Mark)"
803,"[Kyle] and his daughter [Maryann] took a day off school to go to the zoo. [Albert] and his sister, [Maryann] love it when their grandmother visits because she spoils them. She is coming this week to watch them while their parents are out of town. [Mark] rushed to the hospital to find out that his wife and already given birth to a boy and had named him [Wallace]. [Susan] went to the movie with her brother, [John]. His son, [Bryan], could n't make it because he was helping [Susan]'s dad, [Charles]. [Kyle] and his uncle [Timothy] went to the county fair and went on the ferris wheel [Bryan] and his brother [Timothy] went to the park to play basketball. [Mark] is the uncle of [Albert].","('Charles', 'Wallace')",grandson,"[{('Charles', 'grandson', 'Wallace'): [('Charles', 'son', 'Mark'), ('Mark', 'son', 'Wallace')]}, {('Charles', 'son', 'Mark'): [('Charles', 'son', 'Kyle'), ('Kyle', 'brother', 'Mark')]}, {('Charles', 'son', 'Kyle'): [('Charles', 'son', 'John'), ('John', 'brother', 'Kyle')]}, {('Charles', 'son', 'John'): [('Charles', 'daughter', 'Susan'), ('Susan', 'brother', 'John')]}, {('John', 'brother', 'Kyle'): [('John', 'son', 'Timothy'), ('Timothy', 'uncle', 'Kyle')]}, {('John', 'son', 'Timothy'): [('John', 'son', 'Bryan'), ('Bryan', 'brother', 'Timothy')]}, {('Kyle', 'brother', 'Mark'): [('Kyle', 'son', 'Albert'), ('Albert', 'uncle', 'Mark')]}, {('Kyle', 'son', 'Albert'): [('Kyle', 'daughter', 'Maryann'), ('Maryann', 'brother', 'Albert')]}]",daughter-brother-son-brother-uncle-daughter-brother-uncle-son,"[(0, 1), (1, 2), (2, 3), (3, 4), (4, 5), (5, 6), (6, 7), (7, 8), (8, 9)]","['daughter', 'brother', 'son', 'brother', 'uncle', 'daughter', 'brother', 'uncle', 'son']","(0, 9)","Charles:male,Susan:female,John:male,Bryan:male,Timothy:male,Kyle:male,Maryann:female,Albert:male,Mark:male,Wallace:male",test,Sudheera,"(Kyle, has daughter, Maryann), (Maryann, has father, Kyle), (Albert, has sister, Maryann), (Maryann, has brother, Albert), (Mark, has son, Wallace), (Wallace, has father, Mark), (Susan, has brother, John), (John, has sister, Susan), (John, has brother, Bryan), (Bryan, has brother, John), (Susan, has father, Charles), (Charles, has daughter, Susan), (Kyle, has uncle, Timothy), (Timothy, has nephew, Kyle), (Bryan, has brother, Timothy), (Timothy, has brother, Bryan), (Mark, has nephew, Albert), (Albert, has uncle, Mark)"
807,"[Kyle] and his son [Albert] went to his mother [Danielle]'s home [Donna] and her husband [Mark] are taking [Donna]'s son [Wallace] and his sister [Marie] to the amusement park this weekend. [Charles]'s wife, [Danielle], surprised him on his birthday. He could n't believe she pulled it off. [John]'s nephew [Albert] was happy to hear that he will be arriving at the airport later tonight. [Wallace]'s sister, [Marie], was in town unexpectedly, so he had to cancel his plans with his grandfather, [Charles].","('Mark', 'John')",brother,"[{('Mark', 'brother', 'John'): [('Mark', 'father', 'Charles'), ('Charles', 'son', 'John')]}, {('Mark', 'father', 'Charles'): [('Mark', 'daughter', 'Marie'), ('Marie', 'grandfather', 'Charles')]}, {('Mark', 'daughter', 'Marie'): [('Mark', 'son', 'Wallace'), ('Wallace', 'sister', 'Marie')]}, {('Charles', 'son', 'John'): [('Charles', 'son', 'Kyle'), ('Kyle', 'brother', 'John')]}, {('Marie', 'grandfather', 'Charles'): [('Marie', 'brother', 'Wallace'), ('Wallace', 'grandfather', 'Charles')]}, {('Mark', 'son', 'Wallace'): [('Mark', 'wife', 'Donna'), ('Donna', 'son', 'Wallace')]}, {('Charles', 'son', 'Kyle'): [('Charles', 'wife', 'Danielle'), ('Danielle', 'son', 'Kyle')]}, {('Kyle', 'brother', 'John'): [('Kyle', 'son', 'Albert'), ('Albert', 'uncle', 'John')]}]",wife-son-sister-brother-grandfather-wife-son-son-uncle,"[(0, 1), (1, 2), (2, 3), (3, 2), (2, 4), (4, 5), (5, 6), (6, 7), (7, 8)]","['wife', 'son', 'sister', 'brother', 'grandfather', 'wife', 'son', 'son', 'uncle']","(0, 8)","Mark:male,Donna:female,Wallace:male,Marie:female,Charles:male,Danielle:female,Kyle:male,Albert:male,John:male",test,Sudheera,"(Kyle, has son, Albert), (Albert, has father, Kyle), (Kyle, has mother, Danielle), (Danielle, has son, Kyle), (Donna, has husband, Mark), (Mark, has wife, Donna), (Donna, has son, Wallace), (Wallace, has mother, Donna), (Wallace, has sister, Marie), (Marie, has brother, Wallace), (Charles, has wife, Danielle), (Danielle, has husband, Charles), (John, has nephew, Albert), (Albert, has uncle, John), (Wallace, has grandfather, Charles), (Charles, has grandson, Wallace) "
827,"[Susan] and her son, [Milton], went to the park, and had a wonderful time. [Amanda] and [Timothy] are siblings who are enjoying lunch together. [Milton] went to the game with his sister [Loren]. [Ronald] is [Willie]'s older brother. He has never liked any of her boyfriends. [Thelma] went to dinner with her daughter [Willie]. They then went to the park afterwards. [Thelma] went to her brother [Timothy]'s birthday party [John] and his son, [Bryan], were having a big fight. [John]'s daughter, [Amanda], told the two of them to just settle down. [Ronald] is buying his daughter [Loren] a brand new car for her birthday.","('Susan', 'Bryan')",nephew,"[{('Susan', 'nephew', 'Bryan'): [('Susan', 'sister', 'Willie'), ('Willie', 'son', 'Bryan')]}, {('Susan', 'sister', 'Willie'): [('Susan', 'daughter', 'Loren'), ('Loren', 'aunt', 'Willie')]}, {('Willie', 'son', 'Bryan'): [('Willie', 'son', 'Timothy'), ('Timothy', 'brother', 'Bryan')]}, {('Willie', 'son', 'Timothy'): [('Willie', 'daughter', 'Thelma'), ('Thelma', 'brother', 'Timothy')]}, {('Timothy', 'brother', 'Bryan'): [('Timothy', 'sister', 'Amanda'), ('Amanda', 'brother', 'Bryan')]}, {('Amanda', 'brother', 'Bryan'): [('Amanda', 'father', 'John'), ('John', 'son', 'Bryan')]}, {('Loren', 'aunt', 'Willie'): [('Loren', 'father', 'Ronald'), ('Ronald', 'sister', 'Willie')]}, {('Susan', 'daughter', 'Loren'): [('Susan', 'son', 'Milton'), ('Milton', 'sister', 'Loren')]}]",son-sister-father-sister-daughter-brother-sister-father-son,"[(0, 1), (1, 2), (2, 3), (3, 4), (4, 5), (5, 6), (6, 7), (7, 8), (8, 9)]","['son', 'sister', 'father', 'sister', 'daughter', 'brother', 'sister', 'father', 'son']","(0, 9)","Susan:female,Milton:male,Loren:female,Ronald:male,Willie:female,Thelma:female,Timothy:male,Amanda:female,John:male,Bryan:male",test,Sudheera,"(Susan, has son, Milton), (Milton, has mother, Susan), (Amanda, has brother, Timothy), (Timothy, has sister, Amanda), (Milton, has sister, Loren), (Loren, has brother, Milton), (Ronald, has sister, Willie), (Willie, has brother, Ronald), (Thelma, has daughter, Willie), (Willie, has mother, Thelma), (Thelma, has brother, Timothy), (Timothy, has sister, Thelma), (John, has son, Bryan), (Bryan, has father, John), (John, has daughter, Amanda), (Amanda, has father, John), (Ronald, has daughter, Loren), (Loren, has father, Ronald)"
852,"[Ronald] asked his uncle, [Wallace], to pick him up. [Wallace] told him he was too heavy. [Marie] and her brother [Wallace] enlisted in the army [Helen] and her sister, [Leah], frequently bicker. However, they always make up quickly. [Mark] and [Donna] got married in Hawaii. [Donna] and her daughter [Marie] went to see a movie yesterday and then got ice cream afterwards. [Mark] took his daughter [Marie] to the baseball game. [Marie]'s brother [Wallace] hates baseball and stayed home. [Leah] and her brother [Wallace] went to see a movie. [Leah], who is the sister of [Helen], is a lovely girl.","('Leah', 'Ronald')",uncle,"[{('Leah', 'uncle', 'Ronald'): [('Leah', 'mother', 'Donna'), ('Donna', 'brother', 'Ronald')]}, {('Donna', 'brother', 'Ronald'): [('Donna', 'son', 'Wallace'), ('Wallace', 'uncle', 'Ronald')]}, {('Leah', 'mother', 'Donna'): [('Leah', 'sister', 'Helen'), ('Helen', 'mother', 'Donna')]}, {('Helen', 'mother', 'Donna'): [('Helen', 'sister', 'Marie'), ('Marie', 'mother', 'Donna')]}, {('Helen', 'sister', 'Marie'): [('Helen', 'sister', 'Leah'), ('Leah', 'sister', 'Marie')]}, {('Donna', 'son', 'Wallace'): [('Donna', 'daughter', 'Marie'), ('Marie', 'brother', 'Wallace')]}, {('Donna', 'daughter', 'Marie'): [('Donna', 'husband', 'Mark'), ('Mark', 'daughter', 'Marie')]}, {('Leah', 'sister', 'Marie'): [('Leah', 'brother', 'Wallace'), ('Wallace', 'sister', 'Marie')]}]",sister-sister-brother-sister-mother-husband-daughter-brother-uncle,"[(0, 1), (1, 0), (0, 2), (2, 3), (3, 4), (4, 5), (5, 3), (3, 2), (2, 6)]","['sister', 'sister', 'brother', 'sister', 'mother', 'husband', 'daughter', 'brother', 'uncle']","(0, 6)","Leah:female,Helen:female,Wallace:male,Marie:female,Donna:female,Mark:male,Ronald:male",test,Sudheera,"(Ronald, has uncle, Wallace), (Wallace, has nephew, Ronald), (Marie, has brother, Wallace), (Wallace, has sister, Marie), (Helen, has sister, Leah), (Leah, has sister, Helen), (Mark, has wife, Donna), (Donna, has husband, Mark), (Donna, has daughter, Marie), (Marie, has mother, Donna), (Mark, has daughter, Marie), (Marie, has father, Mark), (Marie, has brother, Wallace), (Wallace, has sister, Marie), (Leah, has brother, Wallace), (Wallace, has sister, Leah), (Leah, has sister, Helen), (Helen, has sister, Leah) "
806,"[Mark] asked his uncle, [Albert], to pick him up. [Albert] told him he was too heavy. [Danielle] likes taking her son [Kyle] to baseball practice. She also likes taking her son [John] to soccer practice. [Kyle] and his son [Frank] went to the cinema together. [Bonita] and her brother [John] walked to the park. [Bonita]'s son [Albert] joined them later on. [Cheryl] and her brother [Frank] went to see a movie. [Albert] took his sister [Maryann] too the zoo but his sister [Cheryl] could n't come because she had to work.","('Maryann', 'Mark')",uncle,"[{('Maryann', 'uncle', 'Mark'): [('Maryann', 'father', 'Kyle'), ('Kyle', 'brother', 'Mark')]}, {('Kyle', 'brother', 'Mark'): [('Kyle', 'mother', 'Danielle'), ('Danielle', 'son', 'Mark')]}, {('Danielle', 'son', 'Mark'): [('Danielle', 'daughter', 'Bonita'), ('Bonita', 'brother', 'Mark')]}, {('Maryann', 'father', 'Kyle'): [('Maryann', 'sister', 'Cheryl'), ('Cheryl', 'father', 'Kyle')]}, {('Bonita', 'brother', 'Mark'): [('Bonita', 'son', 'Albert'), ('Albert', 'uncle', 'Mark')]}, {('Maryann', 'sister', 'Cheryl'): [('Maryann', 'brother', 'Albert'), ('Albert', 'sister', 'Cheryl')]}, {('Cheryl', 'father', 'Kyle'): [('Cheryl', 'brother', 'Frank'), ('Frank', 'father', 'Kyle')]}, {('Danielle', 'daughter', 'Bonita'): [('Danielle', 'son', 'John'), ('John', 'sister', 'Bonita')]}]",brother-sister-brother-father-mother-son-sister-son-uncle,"[(0, 1), (1, 2), (2, 3), (3, 4), (4, 5), (5, 6), (6, 7), (7, 1), (1, 8)]","['brother', 'sister', 'brother', 'father', 'mother', 'son', 'sister', 'son', 'uncle']","(0, 8)","Maryann:female,Albert:male,Cheryl:female,Frank:male,Kyle:male,Danielle:female,John:male,Bonita:female,Mark:male",test,Sudheera,"(Mark, has uncle, Albert), (Albert, has nephew, Mark), (Danielle, has son, Kyle), (Kyle, has mother, Danielle), (Danielle, has son, John), (John, has mother, Danielle), (Kyle, has son, Frank), (Frank, has father, Kyle), (Bonita, has brother, John), (John, has sister, Bonita), (Bonita, has son, Albert), (Albert, has mother, Bonita), (Cheryl, has brother, Frank), (Frank, has sister, Cheryl), (Albert, has sister, Maryann), (Maryann, has brother, Albert), (Albert, has sister, Cheryl), (Cheryl, has brother, Albert)"
809,"[Loren] was excited because today she was going to the zoo with her uncle [John]. [Thelma] went shoe shopping with her sister [Amanda]. [Bryan] invited his sister [Amanda] to dinner this Friday because it is her birthday. [Betty] wanted her sister, [Santa], to go the same college she attends. [Santa] chose to attend college with her brother, [Milton], instead. [Ronald] took his daughter [Betty] to cheer practice. [Loren] went shoe shopping with her sister [Betty]. [Bryan] took his favorite son [John] to a baseball game where he caught a foul ball as a souvenir. [Milton] took his sister, [Betty], to a baseball game.","('Ronald', 'Thelma')",niece,"[{('Ronald', 'niece', 'Thelma'): [('Ronald', 'brother', 'John'), ('John', 'daughter', 'Thelma')]}, {('Ronald', 'brother', 'John'): [('Ronald', 'daughter', 'Loren'), ('Loren', 'uncle', 'John')]}, {('Ronald', 'daughter', 'Loren'): [('Ronald', 'son', 'Milton'), ('Milton', 'sister', 'Loren')]}, {('John', 'daughter', 'Thelma'): [('John', 'son', 'Bryan'), ('Bryan', 'sister', 'Thelma')]}, {('Ronald', 'son', 'Milton'): [('Ronald', 'daughter', 'Santa'), ('Santa', 'brother', 'Milton')]}, {('Milton', 'sister', 'Loren'): [('Milton', 'sister', 'Betty'), ('Betty', 'sister', 'Loren')]}, {('Ronald', 'daughter', 'Santa'): [('Ronald', 'daughter', 'Betty'), ('Betty', 'sister', 'Santa')]}, {('Bryan', 'sister', 'Thelma'): [('Bryan', 'sister', 'Amanda'), ('Amanda', 'sister', 'Thelma')]}]",daughter-sister-brother-sister-sister-uncle-son-sister-sister,"[(0, 1), (1, 2), (2, 3), (3, 1), (1, 4), (4, 5), (5, 6), (6, 7), (7, 8)]","['daughter', 'sister', 'brother', 'sister', 'sister', 'uncle', 'son', 'sister', 'sister']","(0, 8)","Ronald:male,Betty:female,Santa:female,Milton:male,Loren:female,John:male,Bryan:male,Amanda:female,Thelma:female",test,Sudheera,"(Loren, has uncle, John), (John, has niece, Loren), (Thelma, has sister, Amanda), (Amanda, has sister, Thelma), (Bryan, has sister, Amanda), (Amanda, has brother, Bryan), (Betty, has sister, Santa), (Santa, has sister, Betty), (Santa, has brother, Milton), (Milton, has sister, Santa), (Ronald, has daughter, Betty), (Betty, has father, Ronald), (Loren, has sister, Betty), (Betty, has sister, Loren), (Bryan, has son, John), (John, has father, Bryan), (Milton, has sister, Betty), (Betty, has brother, Milton)"
935,"[Steve] was n't able to leave work early to go watch his son [Sidney] play in his first high school football game. [Steve] instead sent his oldest daughter, [Beatrice], to film the game for him so that he could watch it later that night. [Constance] went to her son [Don]'s House [Ellen] and her brother [Cesar] went to see a movie. [Patrice] went shoe shopping with her sister [Margaret]. [Constance] planned a trip to the zoo for her brother, [Cesar]. They had a great time. [Steven]'s daughter [Ellen] was playing on the swings in the park. [Patrice], his other daughter, was napping in the stroller. [Stanley] and his brother [Sidney] went shopping at an electronics store. [Stanley] found the perfect pair of headphones for his brother [Don]'s birthday.","('Margaret', 'Beatrice')",niece,"[{('Margaret', 'niece', 'Beatrice'): [('Margaret', 'sister', 'Constance'), ('Constance', 'daughter', 'Beatrice')]}, {('Margaret', 'sister', 'Constance'): [('Margaret', 'sister', 'Ellen'), ('Ellen', 'sister', 'Constance')]}, {('Margaret', 'sister', 'Ellen'): [('Margaret', 'father', 'Steven'), ('Steven', 'daughter', 'Ellen')]}, {('Constance', 'daughter', 'Beatrice'): [('Constance', 'son', 'Don'), ('Don', 'sister', 'Beatrice')]}, {('Ellen', 'sister', 'Constance'): [('Ellen', 'brother', 'Cesar'), ('Cesar', 'sister', 'Constance')]}, {('Don', 'sister', 'Beatrice'): [('Don', 'father', 'Steve'), ('Steve', 'daughter', 'Beatrice')]}, {('Don', 'father', 'Steve'): [('Don', 'brother', 'Sidney'), ('Sidney', 'father', 'Steve')]}, {('Margaret', 'father', 'Steven'): [('Margaret', 'sister', 'Patrice'), ('Patrice', 'father', 'Steven')]}, {('Don', 'brother', 'Sidney'): [('Don', 'brother', 'Stanley'), ('Stanley', 'brother', 'Sidney')]}]",sister-father-daughter-brother-sister-son-brother-brother-father-daughter,"[(0, 1), (1, 2), (2, 3), (3, 4), (4, 5), (5, 6), (6, 7), (7, 8), (8, 9), (9, 10)]","['sister', 'father', 'daughter', 'brother', 'sister', 'son', 'brother', 'brother', 'father', 'daughter']","(0, 10)","Margaret:female,Patrice:female,Steven:male,Ellen:female,Cesar:male,Constance:female,Don:male,Stanley:male,Sidney:male,Steve:male,Beatrice:female",test,Sudheera,"(Steve, has son, Sidney), (Sidney, has father, Steve), (Steve, has daughter, Beatrice), (Beatrice, has father, Steve), (Constance, has son, Don), (Don, has mother, Constance), (Ellen, has brother, Cesar), (Cesar, has sister, Ellen), (Patrice, has sister, Margaret), (Margaret, has sister, Patrice), (Constance, has brother, Cesar), (Cesar, has sister, Constance), (Steven, has daughter, Ellen), (Ellen, has father, Steven), (Stanley, has brother, Sidney), (Sidney, has brother, Stanley), (Stanley, has brother, Don), (Don, has brother, Stanley)"
938,"[William] wanted to have a family cookout so he invited his brother [James]. [James] wanted to invite his other brother [Cesar]. [Darryl]'s mother, [Patrice], waited impatiently for him at the diner. [Dan] played basketball with his brother [Eric]. [Darryl] took his brother [Eric] to the baseball game with [Nora]'s father [Cesar]. [Cesar] took his son [Eric] to go get nachos during the game. [Patrice] fixed her husband [Cesar] dinner and then they watched a movie they rented. [Cesar] rushed to the hospital to find out that his wife and already given birth to a boy and had named him [Dan]. [Cesar] was so excited to surprise his son, [Eric], with the tickets to the playoffs.","('Nora', 'William')",uncle,"[{('Nora', 'uncle', 'William'): [('Nora', 'mother', 'Patrice'), ('Patrice', 'brother', 'William')]}, {('Patrice', 'brother', 'William'): [('Patrice', 'son', 'Eric'), ('Eric', 'uncle', 'William')]}, {('Nora', 'mother', 'Patrice'): [('Nora', 'brother', 'Darryl'), ('Darryl', 'mother', 'Patrice')]}, {('Eric', 'uncle', 'William'): [('Eric', 'father', 'Cesar'), ('Cesar', 'brother', 'William')]}, {('Cesar', 'brother', 'William'): [('Cesar', 'brother', 'James'), ('James', 'brother', 'William')]}, {('Patrice', 'son', 'Eric'): [('Patrice', 'son', 'Dan'), ('Dan', 'brother', 'Eric')]}, {('Patrice', 'son', 'Dan'): [('Patrice', 'husband', 'Cesar'), ('Cesar', 'son', 'Dan')]}, {('Nora', 'brother', 'Darryl'): [('Nora', 'brother', 'Eric'), ('Eric', 'brother', 'Darryl')]}, {('Nora', 'brother', 'Eric'): [('Nora', 'father', 'Cesar'), ('Cesar', 'son', 'Eric')]}]",father-son-brother-mother-husband-son-brother-father-brother-brother,"[(0, 1), (1, 2), (2, 3), (3, 4), (4, 1), (1, 5), (5, 2), (2, 1), (1, 6), (6, 7)]","['father', 'son', 'brother', 'mother', 'husband', 'son', 'brother', 'father', 'brother', 'brother']","(0, 7)","Nora:female,Cesar:male,Eric:male,Darryl:male,Patrice:female,Dan:male,James:male,William:male",test,Sudheera,"(William, has brother, James), (James, has brother, William), (Cesar, has brother, James), (James, has brother, Cesar), (Darryl, has mother, Patrice), (Patrice, has son, Darryl), (Dan, has brother, Eric), (Eric, has brother, Dan), (Darryl, has brother, Eric), (Eric, has brother, Darryl), (Nora, has father, Cesar), (Cesar, has daughter, Nora), (Cesar, has son, Eric), (Eric, has father, Cesar), (Patrice, has husband, Cesar), (Cesar, has wife, Patrice), (Cesar, has son, Dan), (Dan, has father, Cesar), (Cesar, has son, Eric), (Eric, has father, Cesar)"
928,"[Constance]'s sister [Margaret] was trying on new make-up that [Constance]'s daughter [Beatrice] bought for her as a gift. [Patrice] was eager to spend time with her son, [Darryl]. [Darryl] played chess with his brother [Dan]. [Eric]'s brother [Dan] would not let him play the xbox game. [Patrice] enjoyed a homemade dinner with her son [Eric] [Eric] bought to dress for his father [Cesar] [Stanley] took his sister [Beatrice] out to lunch after learning that she got accepted into her first choice for university. [Steven] went to see his daughter [Margaret] for parents day at college. [Steven] took his grandson [Eric] to the zoo.","('Cesar', 'Stanley')",nephew,"[{('Cesar', 'nephew', 'Stanley'): [('Cesar', 'sister', 'Constance'), ('Constance', 'son', 'Stanley')]}, {('Cesar', 'sister', 'Constance'): [('Cesar', 'father', 'Steven'), ('Steven', 'daughter', 'Constance')]}, {('Steven', 'daughter', 'Constance'): [('Steven', 'daughter', 'Margaret'), ('Margaret', 'sister', 'Constance')]}, {('Cesar', 'father', 'Steven'): [('Cesar', 'son', 'Darryl'), ('Darryl', 'grandfather', 'Steven')]}, {('Darryl', 'grandfather', 'Steven'): [('Darryl', 'mother', 'Patrice'), ('Patrice', 'father', 'Steven')]}, {('Cesar', 'son', 'Darryl'): [('Cesar', 'son', 'Dan'), ('Dan', 'brother', 'Darryl')]}, {('Constance', 'son', 'Stanley'): [('Constance', 'daughter', 'Beatrice'), ('Beatrice', 'brother', 'Stanley')]}, {('Patrice', 'father', 'Steven'): [('Patrice', 'son', 'Eric'), ('Eric', 'grandfather', 'Steven')]}, {('Cesar', 'son', 'Dan'): [('Cesar', 'son', 'Eric'), ('Eric', 'brother', 'Dan')]}]",son-brother-brother-mother-son-grandfather-daughter-sister-daughter-brother,"[(0, 1), (1, 2), (2, 3), (3, 4), (4, 1), (1, 5), (5, 6), (6, 7), (7, 8), (8, 9)]","['son', 'brother', 'brother', 'mother', 'son', 'grandfather', 'daughter', 'sister', 'daughter', 'brother']","(0, 9)","Cesar:male,Eric:male,Dan:male,Darryl:male,Patrice:female,Steven:male,Margaret:female,Constance:female,Beatrice:female,Stanley:male",test,Sudheera,"(Constance, has sister, Margaret), (Margaret, has sister, Constance), (Constance, has daughter, Beatrice), (Beatrice, has mother, Constance), (Patrice, has son, Darryl), (Darryl, has mother, Patrice), (Darryl, has brother, Dan), (Dan, has brother, Darryl), (Eric, has brother, Dan), (Dan, has brother, Eric), (Patrice, has son, Eric), (Eric, has mother, Patrice), (Eric, has father, Cesar), (Cesar, has son, Eric), (Stanley, has sister, Beatrice), (Beatrice, has brother, Stanley), (Steven, has daughter, Margaret), (Margaret, has father, Steven), (Steven, has grandson, Eric), (Eric, has grandfather, Steven)"
932,"[Stanley] asked his aunt, [Margaret], to read him a story. [Margaret] unfortunately was n't able to, since she did n't have her glasses, and she was almost blind without them. [Margaret] and her husband, [William] are vacationing in the south of France this week. [Margaret] took her son [Eula] to a baseball game. To her surprise she ran into her brother [Steve] there. [Monica] went shoe shopping with her sister [Teresita]. [Eula], who is the sister of [Mary], is a lovely girl. [Teresita] went to dinner with her daughter [Margaret]. They then went to the park afterwards. [Steve] rushed to the hospital to find out that his wife and already given birth to a boy and had named him [Stanley]. [Mary] took her sister, [Monica], out to dinner for her birthday. [Patrice] and her sister, [Margaret], frequently bicker. However, they always make up quickly.","('William', 'Patrice')",sister,"[{('William', 'sister', 'Patrice'): [('William', 'brother', 'Steve'), ('Steve', 'sister', 'Patrice')]}, {('William', 'brother', 'Steve'): [('William', 'daughter', 'Eula'), ('Eula', 'uncle', 'Steve')]}, {('William', 'daughter', 'Eula'): [('William', 'daughter', 'Mary'), ('Mary', 'sister', 'Eula')]}, {('William', 'daughter', 'Mary'): [('William', 'wife', 'Margaret'), ('Margaret', 'daughter', 'Mary')]}, {('Margaret', 'daughter', 'Mary'): [('Margaret', 'daughter', 'Teresita'), ('Teresita', 'sister', 'Mary')]}, {('Eula', 'uncle', 'Steve'): [('Eula', 'mother', 'Margaret'), ('Margaret', 'brother', 'Steve')]}, {('Steve', 'sister', 'Patrice'): [('Steve', 'sister', 'Margaret'), ('Margaret', 'sister', 'Patrice')]}, {('Teresita', 'sister', 'Mary'): [('Teresita', 'sister', 'Monica'), ('Monica', 'sister', 'Mary')]}, {('Steve', 'sister', 'Margaret'): [('Steve', 'son', 'Stanley'), ('Stanley', 'aunt', 'Margaret')]}]",wife-daughter-sister-sister-sister-mother-brother-son-aunt-sister,"[(0, 1), (1, 2), (2, 3), (3, 4), (4, 5), (5, 1), (1, 6), (6, 7), (7, 1), (1, 8)]","['wife', 'daughter', 'sister', 'sister', 'sister', 'mother', 'brother', 'son', 'aunt', 'sister']","(0, 8)","William:male,Margaret:female,Teresita:female,Monica:female,Mary:female,Eula:female,Steve:male,Stanley:male,Patrice:female",test,Sudheera,"(Stanley, has aunt, Margaret), (Margaret, has nephew, Stanley), (Margaret, has husband, William), (William, has wife, Margaret), (Margaret, has son, Eula_1), (Eula_1, has mother, Margaret), (Margaret, has brother, Steve), (Steve, has sister, Margaret), (Monica, has sister, Teresita), (Teresita, has sister, Monica), (Eula_2, has sister, Mary), (Mary, has sister, Eula_2), (Teresita, has daughter, Margaret), (Margaret, has daughter, Teresita), (Steve, has son, Stanley), (Stanley, has father, Steve), (Mary, has sister, Monica), (Monica, has sister, Mary), (Patrice, has sister, Margaret), (Margaret, has sister, Patrice)"
927,"[Eula] and her sister [Mary] were arguing over a toy. While they were fighting, [Eula]'s sister [Monica] grabbed the toy, and ran off to play with it by herself. [Monica] and her sister, [Teresita], frequently bicker. However, they always make up quickly. [Charles] got his son, [James], a car for his birthday. [Eula] went to dinner with her daughter [Margaret]. They then went to the park afterwards. [Ellen] 'daughter [Nadia] visited for Christmas. [Nadia]'s brother [Orville] was out of town for the holidays. [Charles]'s aunt, [Margaret], took him fishing [Orville] was disappointed that his father, [James], would n't be at the play to see him perform. [Teresita] went to the store with her sister [Eula]","('Ellen', 'Mary')",niece,"[{('Ellen', 'niece', 'Mary'): [('Ellen', 'sister', 'Margaret'), ('Margaret', 'daughter', 'Mary')]}, {('Margaret', 'daughter', 'Mary'): [('Margaret', 'daughter', 'Teresita'), ('Teresita', 'sister', 'Mary')]}, {('Ellen', 'sister', 'Margaret'): [('Ellen', 'son', 'Charles'), ('Charles', 'aunt', 'Margaret')]}, {('Ellen', 'son', 'Charles'): [('Ellen', 'son', 'Orville'), ('Orville', 'brother', 'Charles')]}, {('Teresita', 'sister', 'Mary'): [('Teresita', 'sister', 'Monica'), ('Monica', 'sister', 'Mary')]}, {('Monica', 'sister', 'Mary'): [('Monica', 'sister', 'Eula'), ('Eula', 'sister', 'Mary')]}, {('Orville', 'brother', 'Charles'): [('Orville', 'father', 'James'), ('James', 'son', 'Charles')]}, {('Margaret', 'daughter', 'Teresita'): [('Margaret', 'daughter', 'Eula'), ('Eula', 'sister', 'Teresita')]}, {('Ellen', 'son', 'Orville'): [('Ellen', 'daughter', 'Nadia'), ('Nadia', 'brother', 'Orville')]}]",daughter-brother-father-son-aunt-daughter-sister-sister-sister-sister,"[(0, 1), (1, 2), (2, 3), (3, 4), (4, 5), (5, 6), (6, 7), (7, 8), (8, 6), (6, 9)]","['daughter', 'brother', 'father', 'son', 'aunt', 'daughter', 'sister', 'sister', 'sister', 'sister']","(0, 9)","Ellen:female,Nadia:female,Orville:male,James:male,Charles:male,Margaret:female,Eula:female,Teresita:female,Monica:female,Mary:female",test,Sudheera,"(Eula, has sister, Mary), (Mary, has sister, Eula), (Eula, has sister, Monica), (Monica, has sister, Eula), (Monica, has sister, Teresita), (Teresita, has sister, Monica), (Charles, has son, James), (James, has father, Charles), (Eula, has daughter, Margaret), (Margaret, has mother, Eula), (Ellen, has daughter, Nadia), (Nadia, has mother, Ellen), (Nadia, has brother, Orville), (Orville, has sister, Nadia), (Charles, has aunt, Margaret), (Margaret, has nephew, Charles), (Orville, has father, James), (James, has son, Orville), (Teresita, has sister, Eula), (Eula, has sister, Teresita)"
942,"[Charles]'s mother, [Ellen], took him shopping for a new television [Ellen] and her sister, [Margaret], frequently bicker. However, they always make up quickly. [Charles] is [Nadia]'s older brother. He has never liked any of her boyfriends. [Mabel]'s mother, [Ellen], wanted to throw a surprise birthday party for [Ellen]'s sister, [Margaret], this weekend. [Nadia] just had a baby and presented the baby proudly to the new maternal grandmother, [Ellen]. [Cesar]'s mother, [Elsie], waited impatiently for him at the diner. [Ellen] was excited to visit her son, [Charles], at college. [Cesar] likes to visit his sister. Her name is [Ellen]. [Mabel] went to dinner with her daughter [Ellen]. They then went to the park afterwards.","('Charles', 'Elsie')",grandmother,"[{('Charles', 'grandmother', 'Elsie'): [('Charles', 'sister', 'Nadia'), ('Nadia', 'grandmother', 'Elsie')]}, {('Nadia', 'grandmother', 'Elsie'): [('Nadia', 'sister', 'Mabel'), ('Mabel', 'grandmother', 'Elsie')]}, {('Mabel', 'grandmother', 'Elsie'): [('Mabel', 'mother', 'Ellen'), ('Ellen', 'mother', 'Elsie')]}, {('Nadia', 'sister', 'Mabel'): [('Nadia', 'brother', 'Charles'), ('Charles', 'sister', 'Mabel')]}, {('Nadia', 'brother', 'Charles'): [('Nadia', 'mother', 'Ellen'), ('Ellen', 'son', 'Charles')]}, {('Charles', 'sister', 'Mabel'): [('Charles', 'mother', 'Ellen'), ('Ellen', 'daughter', 'Mabel')]}, {('Ellen', 'mother', 'Elsie'): [('Ellen', 'sister', 'Margaret'), ('Margaret', 'mother', 'Elsie')]}, {('Margaret', 'mother', 'Elsie'): [('Margaret', 'brother', 'Cesar'), ('Cesar', 'mother', 'Elsie')]}, {('Margaret', 'brother', 'Cesar'): [('Margaret', 'sister', 'Ellen'), ('Ellen', 'brother', 'Cesar')]}]",sister-mother-son-mother-daughter-mother-sister-sister-brother-mother,"[(0, 1), (1, 2), (2, 0), (0, 2), (2, 3), (3, 2), (2, 4), (4, 2), (2, 5), (5, 6)]","['sister', 'mother', 'son', 'mother', 'daughter', 'mother', 'sister', 'sister', 'brother', 'mother']","(0, 6)","Charles:male,Nadia:female,Ellen:female,Mabel:female,Margaret:female,Cesar:male,Elsie:female",test,Sudheera,"(Charles, has mother, Ellen_1), (Ellen_1, has son, Charles), (Ellen_1, has sister, Margaret), (Margaret, has sister, Ellen_1), (Charles, has sister, Nadia), (Nadia, has brother, Charles), (Mabel, has mother, Ellen_1), (Ellen_1, has daughter, Mabel), (Nadia, has mother, Ellen_1), (Ellen_1, has daughter, Nadia), (Cesar, has mother, Elsie), (Elsie, has son, Cesar), (Ellen_1, has son, Charles), (Charles, has mother, Ellen_1), (Cesar, has sister, Ellen), (Ellen, has brother, Cesar), (Mabel, has daughter, Ellen_2), (Ellen_2, has mother, Mabel)"
926,"[Constance] went to the mall, because she wanted to look for a present for her daughter, [Beatrice]. [Steven] was looking forward to dinner with his granddaughter, [Nadia]. [Dan] has a aunt named [Constance], routinely he went to school with his aunt [Don] and his brother [Sidney] had a tie score. [Sidney] asked his sister, [Beatrice], to come up with a tie-breaker. [Charles] went to the game with his sister [Nadia]. [Orville] got his son, [James], a car for his birthday. [Charles] was thrilled his brother, [Orville], was able to make it to the party. [Cesar] took his dad [Steven] to the game. [Cesar]'s son [Dan] was going to be playing","('James', 'Don')",nephew,"[{('James', 'nephew', 'Don'): [('James', 'sister', 'Constance'), ('Constance', 'son', 'Don')]}, {('James', 'sister', 'Constance'): [('James', 'father', 'Steven'), ('Steven', 'daughter', 'Constance')]}, {('Constance', 'son', 'Don'): [('Constance', 'daughter', 'Beatrice'), ('Beatrice', 'brother', 'Don')]}, {('Beatrice', 'brother', 'Don'): [('Beatrice', 'brother', 'Sidney'), ('Sidney', 'brother', 'Don')]}, {('James', 'father', 'Steven'): [('James', 'daughter', 'Nadia'), ('Nadia', 'grandfather', 'Steven')]}, {('Steven', 'daughter', 'Constance'): [('Steven', 'son', 'Cesar'), ('Cesar', 'sister', 'Constance')]}, {('James', 'daughter', 'Nadia'): [('James', 'son', 'Orville'), ('Orville', 'sister', 'Nadia')]}, {('Cesar', 'sister', 'Constance'): [('Cesar', 'son', 'Dan'), ('Dan', 'aunt', 'Constance')]}, {('Orville', 'sister', 'Nadia'): [('Orville', 'brother', 'Charles'), ('Charles', 'sister', 'Nadia')]}]",son-brother-sister-grandfather-son-son-aunt-daughter-brother-brother,"[(0, 1), (1, 2), (2, 3), (3, 4), (4, 5), (5, 6), (6, 7), (7, 8), (8, 9), (9, 10)]","['son', 'brother', 'sister', 'grandfather', 'son', 'son', 'aunt', 'daughter', 'brother', 'brother']","(0, 10)","James:male,Orville:male,Charles:male,Nadia:female,Steven:male,Cesar:male,Dan:male,Constance:female,Beatrice:female,Sidney:male,Don:male",test,Sudheera,"(Constance_1, has daughter, Beatrice), (Beatrice, has mother, Constance_1), (Steven, has granddaughter, Nadia), (Nadia, has grandfather, Steven), (Dan, has aunt, Constance_2), (Constance_2, has nephew, Dan), (Dan, has aunt, Don), (Don, has nephew, Dan), (Dan, has brother, Sidney), (Sidney, has brother, Dan), (Sidney, has sister, Beatrice), (Beatrice, has brother, Sidney), (Charles, has sister, Nadia), (Nadia, has brother, Charles), (Orville, has son, James), (James, has father, Orville), (Charles, has brother, Orville), (Orville, has brother, Charles), (Cesar, has father, Steven), (Steven, has son, Cesar), (Cesar, has son, Dan), (Dan, has father, Cesar)"
931,"[Nora] went to dinner with her daughter [Patrice]. They then went to the park afterwards. [Ellen] bought her mother, [Elsie], a puppy for her birthday. [James] is [Constance]'s older brother. He has never liked any of her boyfriends. [Nora] watched a golf tournament with her aunt [Ellen]. [Steve] and his son, [Stanley], went to the supermarket. [Sidney], [Steve]'s son, had asked them to bring him back some cookies. [Constance] and her son [Don] made hot dogs. [Don]'s brother [Sidney] ate one. [Margaret] was playing with her brother [James], but her mother [Elsie] told her she had to go to bed.","('Patrice', 'Stanley')",nephew,"[{('Patrice', 'nephew', 'Stanley'): [('Patrice', 'sister', 'Constance'), ('Constance', 'son', 'Stanley')]}, {('Constance', 'son', 'Stanley'): [('Constance', 'son', 'Sidney'), ('Sidney', 'brother', 'Stanley')]}, {('Patrice', 'sister', 'Constance'): [('Patrice', 'sister', 'Ellen'), ('Ellen', 'sister', 'Constance')]}, {('Ellen', 'sister', 'Constance'): [('Ellen', 'sister', 'Margaret'), ('Margaret', 'sister', 'Constance')]}, {('Ellen', 'sister', 'Margaret'): [('Ellen', 'mother', 'Elsie'), ('Elsie', 'daughter', 'Margaret')]}, {('Constance', 'son', 'Sidney'): [('Constance', 'son', 'Don'), ('Don', 'brother', 'Sidney')]}, {('Patrice', 'sister', 'Ellen'): [('Patrice', 'daughter', 'Nora'), ('Nora', 'aunt', 'Ellen')]}, {('Margaret', 'sister', 'Constance'): [('Margaret', 'brother', 'James'), ('James', 'sister', 'Constance')]}, {('Sidney', 'brother', 'Stanley'): [('Sidney', 'father', 'Steve'), ('Steve', 'son', 'Stanley')]}]",daughter-aunt-mother-daughter-brother-sister-son-brother-father-son,"[(0, 1), (1, 2), (2, 3), (3, 4), (4, 5), (5, 6), (6, 7), (7, 8), (8, 9), (9, 10)]","['daughter', 'aunt', 'mother', 'daughter', 'brother', 'sister', 'son', 'brother', 'father', 'son']","(0, 10)","Patrice:female,Nora:female,Ellen:female,Elsie:female,Margaret:female,James:male,Constance:female,Don:male,Sidney:male,Steve:male,Stanley:male",test,Sudheera,"(Nora, has daughter, Patrice), (Patrice, has mother, Nora), (Ellen, has mother, Elsie), (Elsie, has daughter, Ellen), (James, has sister, Constance), (Constance, has brother, James), (Nora, has aunt, Ellen), (Ellen, has niece, Nora), (Steve, has son, Stanley), (Stanley, has father, Steve), (Sidney, has father, Steve), (Steve, has son, Sidney), (Constance, has son, Don), (Don, has mother, Constance), (Don, has brother, Sidney), (Sidney, has brother, Don), (Margaret, has brother, James), (James, has sister, Margaret), (Margaret, has mother, Elsie), (Elsie, has daughter, Margaret)"
